check,key,variable_name,rdb_table,decision,target_variable,new_variable,new_table_id,new_table_cardinality,new_data_type,new_label,form_line,rationale,confidence
UNMAPPED,/Return/ReturnData/IRS990ScheduleB/Organization501c3ExemptPF,"","",add_to_variable,SB_00_ORG_TYPE_501C3_EXEMPT_PF_X,"","","","","","","Pre-2014 (2009-2013 schema) name of the public 990-PF Schedule B element mapped to SB_00_ORG_TYPE_501C3_EXEMPT_PF_X for the current schema. Evidence: 27,102 filings, TY2009,2010,2011,2012.",high
UNMAPPED,/Return/ReturnData/IRS990ScheduleB/GeneralRule,"","",add_to_variable,SB_00_GENERAL_RULE_X,"","","","","","","Pre-2014 (2009-2013 schema) name of the public 990-PF Schedule B element mapped to SB_00_GENERAL_RULE_X for the current schema. Evidence: 26,620 filings, TY2009,2010,2011,2012.",high
UNMAPPED,/Return/ReturnData/IRS990ScheduleB/ContributorInfo/ContributorNameIndividual,"","",add_to_variable,SB_01_CONTRIBUTOR_NAME_PERS,"","","","","","","Pre-2014 (2009-2013 schema) name of the public 990-PF Schedule B element mapped to SB_01_CONTRIBUTOR_NAME_PERS for the current schema. Evidence: 24,507 filings, TY2009,2010,2011,2012.",high
UNMAPPED,/Return/ReturnData/IRS990ScheduleB/ContributorInfo/PersonContributionType,"","",add_to_variable,SB_01_CONTRIBUTOR_TYPE_PERSON_X,"","","","","","","Pre-2014 (2009-2013 schema) name of the public 990-PF Schedule B element mapped to SB_01_CONTRIBUTOR_TYPE_PERSON_X for the current schema. Evidence: 24,306 filings, TY2009,2010,2011,2012.",high
UNMAPPED,/Return/ReturnData/IRS990PF/AnalysisIncomeProducingActy/OtherInvestmentIncomePartVII,"","",ignore,"","","","","","","","Empty wrapper: blank in every filing (n_distinct = 1, value ''); its children are mapped.",high
UNMAPPED,/Return/ReturnData/IRS990PF/AnalysisIncomeProducingActy/NetIncomeLossFromSpecialEvents,"","",ignore,"","","","","","","","Empty wrapper: blank in every filing (n_distinct = 1, value ''); its children are mapped.",high
UNMAPPED,/Return/ReturnData/IRS990PF/AnalysisIncomeProducingActy/NetRentalIncmPersonalProperty,"","",ignore,"","","","","","","","Empty wrapper: blank in every filing (n_distinct = 1, value ''); its children are mapped.",high
UNMAPPED,/Return/ReturnData/IRS990PF/AnalysisIncomeProducingActy/FeesContractsFromGovtAgencies,"","",ignore,"","","","","","","","Empty wrapper: blank in every filing (n_distinct = 1, value ''); its children are mapped.",high
UNMAPPED,/Return/ReturnData/IRS990ScheduleB/NoncashProperty/ContributorNumberFromPartI,"","",add_to_variable,SB_02_NONCASH_CONTRIBUTOR_NUM,"","","","","","","Pre-2014 (2009-2013 schema) name of the public 990-PF Schedule B element mapped to SB_02_NONCASH_CONTRIBUTOR_NUM for the current schema. Evidence:  5,608 filings, TY2009,2010,2011,2012.",high
UNMAPPED,/Return/ReturnData/IRS990ScheduleB/NoncashProperty/FairMarketValue,"","",add_to_variable,SB_02_NONCASH_PROP_FMV,"","","","","","","Pre-2014 (2009-2013 schema) name of the public 990-PF Schedule B element mapped to SB_02_NONCASH_PROP_FMV for the current schema. Evidence:  5,608 filings, TY2009,2010,2011,2012.",high
UNMAPPED,/Return/ReturnData/IRS990ScheduleB/NoncashProperty/NoncashPropertyDescription,"","",add_to_variable,SB_02_NONCASH_PROP_DESC,"","","","","","","Pre-2014 (2009-2013 schema) name of the public 990-PF Schedule B element mapped to SB_02_NONCASH_PROP_DESC for the current schema. Evidence:  5,608 filings, TY2009,2010,2011,2012.",high
UNMAPPED,/Return/ReturnData/IRS990ScheduleB/ContributorInfo/NoncashContributionType,"","",add_to_variable,SB_01_CONTRIBUTOR_TYPE_NONCASH_X,"","","","","","","Pre-2014 (2009-2013 schema) name of the public 990-PF Schedule B element mapped to SB_01_CONTRIBUTOR_TYPE_NONCASH_X for the current schema. Evidence:  5,598 filings, TY2009,2010,2011,2012.",high
UNMAPPED,/Return/ReturnData/IRS990ScheduleB/NoncashProperty/DateReceived,"","",add_to_variable,SB_02_NONCASH_DATE_RECEIVED,"","","","","","","Pre-2014 (2009-2013 schema) name of the public 990-PF Schedule B element mapped to SB_02_NONCASH_DATE_RECEIVED for the current schema. Evidence:  5,479 filings, TY2009,2010,2011,2012.",high
UNMAPPED,/Return/ReturnData/IRS990ScheduleB/ContributorInfo/ContributorAddressForeign/AddressLine1,"","",add_to_variable,SB_01_CONTRIBUTOR_ADDR_L1,"","","","","","","Pre-2014 (2009-2013 schema) name of the public 990-PF Schedule B element mapped to SB_01_CONTRIBUTOR_ADDR_L1 for the current schema. Evidence:    412 filings, TY2009,2010,2011,2012.",high
UNMAPPED,/Return/ReturnData/IRS990ScheduleB/ContributorInfo/ContributorAddressForeign/Country,"","",add_to_variable,SB_01_CONTRIBUTOR_ADDR_CNTR,"","","","","","","Pre-2014 (2009-2013 schema) name of the public 990-PF Schedule B element mapped to SB_01_CONTRIBUTOR_ADDR_CNTR for the current schema. Evidence:    412 filings, TY2009,2010,2011,2012.",high
UNMAPPED,/Return/ReturnData/IRS990ScheduleB/ContributorInfo/ContributorAddressForeign/City,"","",add_to_variable,SB_01_CONTRIBUTOR_ADDR_CITY,"","","","","","","Pre-2014 (2009-2013 schema) name of the public 990-PF Schedule B element mapped to SB_01_CONTRIBUTOR_ADDR_CITY for the current schema. Evidence:    357 filings, TY2009,2010,2011,2012.",high
UNMAPPED,/Return/ReturnData/IRS990ScheduleB/ContributorInfo/ContributorAddressForeign/PostalCode,"","",add_to_variable,SB_01_CONTRIBUTOR_ADDR_ZIP,"","","","","","","Pre-2014 (2009-2013 schema) name of the public 990-PF Schedule B element mapped to SB_01_CONTRIBUTOR_ADDR_ZIP for the current schema. Evidence:    212 filings, TY2009,2010,2011,2012.",high
UNMAPPED,/Return/ReturnData/IRS990ScheduleB/ContributorInfo/ContributorAddressForeign/ProvinceOrState,"","",add_to_variable,SB_01_CONTRIBUTOR_ADDR_STATE,"","","","","","","Pre-2014 (2009-2013 schema) name of the public 990-PF Schedule B element mapped to SB_01_CONTRIBUTOR_ADDR_STATE for the current schema. Evidence:    209 filings, TY2009,2010,2011,2012.",high
UNMAPPED,/Return/ReturnData/IRS990ScheduleB/ContributorInformationGrp/ContributorForeignAddress/AddressLine1,"","",add_to_variable,SB_01_CONTRIBUTOR_ADDR_L1,"","","","","","","Pre-2014 (2009-2013 schema) name of the public 990-PF Schedule B element mapped to SB_01_CONTRIBUTOR_ADDR_L1 for the current schema. Evidence:    183 filings, TY2013.",high
UNMAPPED,/Return/ReturnData/IRS990ScheduleB/ContributorInformationGrp/ContributorForeignAddress/Country,"","",add_to_variable,SB_01_CONTRIBUTOR_ADDR_CNTR,"","","","","","","Pre-2014 (2009-2013 schema) name of the public 990-PF Schedule B element mapped to SB_01_CONTRIBUTOR_ADDR_CNTR for the current schema. Evidence:    183 filings, TY2013.",high
UNMAPPED,/Return/ReturnData/BorrowedFundsElection,"","",ignore,"","","","","","","","Empty wrapper: blank in every filing (n_distinct = 1, value ''); its children are mapped.",high
UNMAPPED,/Return/ReturnData/IRS990ScheduleB/ContributorInformationGrp/ContributorForeignAddress/City,"","",add_to_variable,SB_01_CONTRIBUTOR_ADDR_CITY,"","","","","","","Pre-2014 (2009-2013 schema) name of the public 990-PF Schedule B element mapped to SB_01_CONTRIBUTOR_ADDR_CITY for the current schema. Evidence:    162 filings, TY2013.",high
UNMAPPED,/Return/ReturnHeader/FilingSecurityInformation/TotalPreparationSubmissionTs,"","",ignore,"","","","","","","",IRS e-file security / payment metadata (TY2020 only); not mapped for the 990 or 990-EZ either.,high
UNMAPPED,/Return/ReturnHeader/FilingSecurityInformation/TotActiveTimePrepSubmissionTs,"","",ignore,"","","","","","","",IRS e-file security / payment metadata (TY2020 only); not mapped for the 990 or 990-EZ either.,high
UNMAPPED,/Return/ReturnData/IRS990ScheduleB/ContributorInfo/PayrollContributionType,"","",add_to_variable,SB_01_CONTRIBUTOR_TYPE_PAYROLL_X,"","","","","","","Pre-2014 (2009-2013 schema) name of the public 990-PF Schedule B element mapped to SB_01_CONTRIBUTOR_TYPE_PAYROLL_X for the current schema. Evidence:    126 filings, TY2009,2010,2011,2012.",high
UNMAPPED,/Return/ReturnData/IRS990ScheduleB/Organization501c,"","",add_to_variable,SB_00_ORG_TYPE_501C_X,"","","","","","","Pre-2014 (2009-2013 schema) name of the public 990-PF Schedule B element mapped to SB_00_ORG_TYPE_501C_X for the current schema. Evidence:    120 filings, TY2009,2010,2011,2012.",high
UNMAPPED,/Return/ReturnData/IRS990ScheduleB/ContributorInformationGrp/ContributorForeignAddress/ProvinceOrState,"","",add_to_variable,SB_01_CONTRIBUTOR_ADDR_STATE,"","","","","","","Pre-2014 (2009-2013 schema) name of the public 990-PF Schedule B element mapped to SB_01_CONTRIBUTOR_ADDR_STATE for the current schema. Evidence:    104 filings, TY2013.",high
UNMAPPED,/Return/ReturnData/IRS990ScheduleB/ContributorInformationGrp/ContributorForeignAddress/PostalCode,"","",add_to_variable,SB_01_CONTRIBUTOR_ADDR_ZIP,"","","","","","","Pre-2014 (2009-2013 schema) name of the public 990-PF Schedule B element mapped to SB_01_CONTRIBUTOR_ADDR_ZIP for the current schema. Evidence:     93 filings, TY2013.",high
UNMAPPED,/Return/ReturnData/IRS990ScheduleB/Organization4947a1TreatedAsPF,"","",add_to_variable,SB_00_ORG_TYPE_4947A1_PF_X,"","","","","","","Pre-2014 (2009-2013 schema) name of the public 990-PF Schedule B element mapped to SB_00_ORG_TYPE_4947A1_PF_X for the current schema. Evidence:     70 filings, TY2009,2010,2011,2012.",high
UNMAPPED,/Return/ReturnData/IRS990ScheduleB/CharitableContributions/ContributorNumberFromPartI,"","",add_to_variable,SB_03_CONTRIBUTOR_NUM,"","","","","","","Pre-2014 (2009-2013 schema) name of the public 990-PF Schedule B element mapped to SB_03_CONTRIBUTOR_NUM for the current schema. Evidence:     67 filings, TY2009,2010,2011,2012.",high
UNMAPPED,/Return/ReturnData/IRS990ScheduleB/CharitableContributions/PurposeOfGift,"","",add_to_variable,SB_03_GIFT_PURPOSE,"","","","","","","Pre-2014 (2009-2013 schema) name of the public 990-PF Schedule B element mapped to SB_03_GIFT_PURPOSE for the current schema. Evidence:     67 filings, TY2009,2010,2011,2012.",high
UNMAPPED,/Return/ReturnData/IRS990ScheduleB/CharitableContributions/UseOfGift,"","",add_to_variable,SB_03_GIFT_USE,"","","","","","","Pre-2014 (2009-2013 schema) name of the public 990-PF Schedule B element mapped to SB_03_GIFT_USE for the current schema. Evidence:     67 filings, TY2009,2010,2011,2012.",high
UNMAPPED,/Return/ReturnHeader/AdditionalFilerInformation/TrustedCustomerGrp/PaymentDeclinedReasonCd,"","",ignore,"","","","","","","",IRS e-file security / payment metadata (TY2020 only); not mapped for the 990 or 990-EZ either.,high
UNMAPPED,/Return/ReturnHeader/FilingSecurityInformation/VendorControlNum,"","",ignore,"","","","","","","",IRS e-file security / payment metadata (TY2020 only); not mapped for the 990 or 990-EZ either.,high
UNMAPPED,/Return/ReturnData/IRS990ScheduleB/TotalUnder1000Contributions,"","",add_to_variable,SB_03_CONTR_UNDER_1000_TOT,"","","","","","","Pre-2014 (2009-2013 schema) name of the public 990-PF Schedule B element mapped to SB_03_CONTR_UNDER_1000_TOT for the current schema. Evidence:     62 filings, TY2009,2010,2011,2012.",high
UNMAPPED,/Return/ReturnData/IRS990ScheduleB/CharitableContributions/DescriptionOfHowGiftIsHeld,"","",add_to_variable,SB_03_GIFT_HOW_HELD,"","","","","","","Pre-2014 (2009-2013 schema) name of the public 990-PF Schedule B element mapped to SB_03_GIFT_HOW_HELD for the current schema. Evidence:     36 filings, TY2010,2011,2012.",high
UNMAPPED,/Return/ReturnHeader/FilingSecurityInformation/AuthenticationReviewTxt,"","",ignore,"","","","","","","",IRS e-file security / payment metadata (TY2020 only); not mapped for the 990 or 990-EZ either.,high
UNMAPPED,/Return/ReturnData/IRS990ScheduleB/Organization501c3TaxablePF,"","",add_to_variable,SB_00_ORG_TYPE_501C3_TAX_PF_X,"","","","","","","Pre-2014 (2009-2013 schema) name of the public 990-PF Schedule B element mapped to SB_00_ORG_TYPE_501C3_TAX_PF_X for the current schema. Evidence:     25 filings, TY2010,2011,2012.",high
UNMAPPED,/Return/ReturnData/IRS990ScheduleB/ContributorInfo/ContributorNameBusiness/BusinessNameLine2,"","",add_to_variable,SB_01_CONTRIBUTOR_NAME_L2,"","","","","","","Pre-2014 (2009-2013 schema) name of the public 990-PF Schedule B element mapped to SB_01_CONTRIBUTOR_NAME_L2 for the current schema. Evidence:     21 filings, TY2009,2010,2011,2012.",high
UNMAPPED,/Return/ReturnData/IRS990ScheduleB/CharitableContributions/TransfereeAddressUS/AddressLine1,"","",add_to_variable,SB_03_TRANSFEREE_ADDR_L1,"","","","","","","Pre-2014 (2009-2013 schema) name of the public 990-PF Schedule B element mapped to SB_03_TRANSFEREE_ADDR_L1 for the current schema. Evidence:     18 filings, TY2010,2011,2012.",high
UNMAPPED,/Return/ReturnData/IRS990ScheduleB/CharitableContributions/TransfereeAddressUS/City,"","",add_to_variable,SB_03_TRANSFEREE_ADDR_CITY,"","","","","","","Pre-2014 (2009-2013 schema) name of the public 990-PF Schedule B element mapped to SB_03_TRANSFEREE_ADDR_CITY for the current schema. Evidence:     18 filings, TY2010,2011,2012.",high
UNMAPPED,/Return/ReturnData/IRS990ScheduleB/CharitableContributions/TransfereeAddressUS/State,"","",add_to_variable,SB_03_TRANSFEREE_ADDR_STATE,"","","","","","","Pre-2014 (2009-2013 schema) name of the public 990-PF Schedule B element mapped to SB_03_TRANSFEREE_ADDR_STATE for the current schema. Evidence:     18 filings, TY2010,2011,2012.",high
UNMAPPED,/Return/ReturnData/IRS990ScheduleB/CharitableContributions/TransfereeAddressUS/ZIPCode,"","",add_to_variable,SB_03_TRANSFEREE_ADDR_ZIP,"","","","","","","Pre-2014 (2009-2013 schema) name of the public 990-PF Schedule B element mapped to SB_03_TRANSFEREE_ADDR_ZIP for the current schema. Evidence:     18 filings, TY2010,2011,2012.",high
UNMAPPED,/Return/ReturnData/IRS990ScheduleB/CharitableContributions/RlnOfTransferorToTransferee,"","",add_to_variable,SB_03_TRANSFEREE_RELATIONSHIP,"","","","","","","Pre-2014 (2009-2013 schema) name of the public 990-PF Schedule B element mapped to SB_03_TRANSFEREE_RELATIONSHIP for the current schema. Evidence:     13 filings, TY2010,2011,2012.",high
UNMAPPED,/Return/ReturnData/IRS990ScheduleB/CharitableContributions/TransfereeNameIndividual,"","",add_to_variable,SB_03_TRANSFEREE_NAME_PERS,"","","","","","","Pre-2014 (2009-2013 schema) name of the public 990-PF Schedule B element mapped to SB_03_TRANSFEREE_NAME_PERS for the current schema. Evidence:     10 filings, TY2010,2011,2012.",high
UNMAPPED,/Return/ReturnData/IRS990ScheduleB/CharitableContributions/TransfereeNameBusiness/BusinessNameLine1,"","",add_to_variable,SB_03_TRANSFEREE_NAME_ORG_L1,"","","","","","","Pre-2014 (2009-2013 schema) name of the public 990-PF Schedule B element mapped to SB_03_TRANSFEREE_NAME_ORG_L1 for the current schema. Evidence:      9 filings, TY2010,2012.",high
UNMAPPED,/Return/ReturnData/IRS990ScheduleB/CharitableContributionsDetail/TransfereeUSAddress/AddressLine1,"","",add_to_variable,SB_03_TRANSFEREE_ADDR_L1,"","","","","","","Pre-2014 (2009-2013 schema) name of the public 990-PF Schedule B element mapped to SB_03_TRANSFEREE_ADDR_L1 for the current schema. Evidence:      9 filings, TY2013.",high
UNMAPPED,/Return/ReturnData/IRS990ScheduleB/CharitableContributionsDetail/TransfereeUSAddress/City,"","",add_to_variable,SB_03_TRANSFEREE_ADDR_CITY,"","","","","","","Pre-2014 (2009-2013 schema) name of the public 990-PF Schedule B element mapped to SB_03_TRANSFEREE_ADDR_CITY for the current schema. Evidence:      9 filings, TY2013.",high
UNMAPPED,/Return/ReturnData/IRS990ScheduleB/CharitableContributionsDetail/TransfereeUSAddress/State,"","",add_to_variable,SB_03_TRANSFEREE_ADDR_STATE,"","","","","","","Pre-2014 (2009-2013 schema) name of the public 990-PF Schedule B element mapped to SB_03_TRANSFEREE_ADDR_STATE for the current schema. Evidence:      9 filings, TY2013.",high
UNMAPPED,/Return/ReturnData/IRS990ScheduleB/CharitableContributionsDetail/TransfereeUSAddress/ZIPCode,"","",add_to_variable,SB_03_TRANSFEREE_ADDR_ZIP,"","","","","","","Pre-2014 (2009-2013 schema) name of the public 990-PF Schedule B element mapped to SB_03_TRANSFEREE_ADDR_ZIP for the current schema. Evidence:      9 filings, TY2013.",high
UNMAPPED,/Return/ReturnData/IRS990ScheduleB/ContributorInfo/ContributorAddressForeign/AddressLine2,"","",add_to_variable,SB_01_CONTRIBUTOR_ADDR_L2,"","","","","","","Pre-2014 (2009-2013 schema) name of the public 990-PF Schedule B element mapped to SB_01_CONTRIBUTOR_ADDR_L2 for the current schema. Evidence:      8 filings, TY2011,2012.",high
UNMAPPED,/Return/ReturnData/IRS990ScheduleB/ContributorInformationGrp/ContributorForeignAddress/AddressLine2,"","",add_to_variable,SB_01_CONTRIBUTOR_ADDR_L2,"","","","","","","Pre-2014 (2009-2013 schema) name of the public 990-PF Schedule B element mapped to SB_01_CONTRIBUTOR_ADDR_L2 for the current schema. Evidence:      8 filings, TY2013.",high
UNMAPPED,/Return/ReturnData/IRS990ScheduleB/CharitableContributionsDetail/TransfereeNameBusiness/BusinessNameLine1,"","",add_to_variable,SB_03_TRANSFEREE_NAME_ORG_L1,"","","","","","","Pre-2014 (2009-2013 schema) name of the public 990-PF Schedule B element mapped to SB_03_TRANSFEREE_NAME_ORG_L1 for the current schema. Evidence:      4 filings, TY2013.",high
UNMAPPED,/Return/ReturnHeader/Preparer/SSN,"","",ignore,"","","","","","","",Redacted in every filing (XXX-XX-XXXX); 3 filings.,high
UNMAPPED,/Return/ReturnData/IRS990ScheduleB/ContributorInformationGrp/ContributorBusinessName/BusinessNameLine2,"","",add_to_variable,SB_01_CONTRIBUTOR_NAME_L2,"","","","","","","Pre-2014 (2009-2013 schema) name of the public 990-PF Schedule B element mapped to SB_01_CONTRIBUTOR_NAME_L2 for the current schema. Evidence:      2 filings, TY2013.",high
UNMAPPED,/Return/ReturnData/IRS990ScheduleB/CharitableContributions/TransfereeAddressForeign/AddressLine1,"","",add_to_variable,SB_03_TRANSFEREE_ADDR_L1,"","","","","","","Pre-2014 (2009-2013 schema) name of the public 990-PF Schedule B element mapped to SB_03_TRANSFEREE_ADDR_L1 for the current schema. Evidence:      1 filings, TY2012.",high
UNMAPPED,/Return/ReturnData/IRS990ScheduleB/CharitableContributions/TransfereeAddressForeign/City,"","",add_to_variable,SB_03_TRANSFEREE_ADDR_CITY,"","","","","","","Pre-2014 (2009-2013 schema) name of the public 990-PF Schedule B element mapped to SB_03_TRANSFEREE_ADDR_CITY for the current schema. Evidence:      1 filings, TY2012.",high
UNMAPPED,/Return/ReturnData/IRS990ScheduleB/CharitableContributions/TransfereeAddressForeign/Country,"","",add_to_variable,SB_03_TRANSFEREE_ADDR_CNTR,"","","","","","","Pre-2014 (2009-2013 schema) name of the public 990-PF Schedule B element mapped to SB_03_TRANSFEREE_ADDR_CNTR for the current schema. Evidence:      1 filings, TY2012.",high
UNMAPPED,/Return/ReturnData/IRS990ScheduleB/CharitableContributions/TransfereeAddressForeign/ProvinceOrState,"","",add_to_variable,SB_03_TRANSFEREE_ADDR_STATE,"","","","","","","Pre-2014 (2009-2013 schema) name of the public 990-PF Schedule B element mapped to SB_03_TRANSFEREE_ADDR_STATE for the current schema. Evidence:      1 filings, TY2012.",high
UNMAPPED,/Return/ReturnData/IRS990ScheduleB/CharitableContributionsDetail/TransfereeForeignAddress/AddressLine1,"","",add_to_variable,SB_03_TRANSFEREE_ADDR_L1,"","","","","","","Pre-2014 (2009-2013 schema) name of the public 990-PF Schedule B element mapped to SB_03_TRANSFEREE_ADDR_L1 for the current schema. Evidence:      1 filings, TY2013.",high
UNMAPPED,/Return/ReturnData/IRS990ScheduleB/CharitableContributionsDetail/TransfereeForeignAddress/City,"","",add_to_variable,SB_03_TRANSFEREE_ADDR_CITY,"","","","","","","Pre-2014 (2009-2013 schema) name of the public 990-PF Schedule B element mapped to SB_03_TRANSFEREE_ADDR_CITY for the current schema. Evidence:      1 filings, TY2013.",high
UNMAPPED,/Return/ReturnData/IRS990ScheduleB/CharitableContributionsDetail/TransfereeForeignAddress/Country,"","",add_to_variable,SB_03_TRANSFEREE_ADDR_CNTR,"","","","","","","Pre-2014 (2009-2013 schema) name of the public 990-PF Schedule B element mapped to SB_03_TRANSFEREE_ADDR_CNTR for the current schema. Evidence:      1 filings, TY2013.",high
UNMAPPED,/Return/ReturnData/IRS990ScheduleB/SpclRuleMetOneThirdSuprtTest,"","",add_to_variable,SB_00_SPECIAL_RULE_33PCT_X,"","","","","","","Pre-2014 (2009-2013 schema) name of the public 990-PF Schedule B element mapped to SB_00_SPECIAL_RULE_33PCT_X for the current schema. Evidence:      1 filings, TY2010.",high
