xpath,pf_variable,pf_table,variable_name,rdb_table
/Return/ReturnHeader/BuildTS,F9_00_BUILD_TIME_STAMP,F9-P00-T00-HEADER,F9_00_BUILD_TIME_STAMP,F9-P00-T00-HEADER
/Return/ReturnHeader/Filer/BusinessNameControlTxt,F9_00_NAME_ORG_CTRL,F9-P00-T00-HEADER,F9_00_NAME_ORG_CTRL,F9-P00-T00-HEADER
/Return/ReturnHeader/Filer/NameControl,F9_00_NAME_ORG_CTRL,F9-P00-T00-HEADER,F9_00_NAME_ORG_CTRL,F9-P00-T00-HEADER
/Return/ReturnHeader/ReturnTs,F9_00_RETURN_TIME_STAMP,F9-P00-T00-HEADER,F9_00_RETURN_TIME_STAMP,F9-P00-T00-HEADER
/Return/ReturnHeader/Timestamp,F9_00_RETURN_TIME_STAMP,F9-P00-T00-HEADER,F9_00_RETURN_TIME_STAMP,F9-P00-T00-HEADER
/Return/ReturnHeader/ReturnType,F9_00_RETURN_TYPE,F9-P00-T00-HEADER,F9_00_RETURN_TYPE,F9-P00-T00-HEADER
/Return/ReturnHeader/ReturnTypeCd,F9_00_RETURN_TYPE,F9-P00-T00-HEADER,F9_00_RETURN_TYPE,F9-P00-T00-HEADER
/Return/ReturnData/ReasonableCauseExplanation/Explanation,PF_AX44_CAUSE_EXPLANATION,PF-P99-T00-AUXILLIARY,F9_00_REASONABLE_CAUSE_TXT,F9-P00-T00-HEADER
/Return/ReturnData/ReasonableCauseExplanation/ExplanationTxt,PF_AX44_CAUSE_EXPLANATION,PF-P99-T00-AUXILLIARY,F9_00_REASONABLE_CAUSE_TXT,F9-P00-T00-HEADER
/Return/ReturnData/IRS990EZ/USAddress/City,F9_00_ORG_ADDR_CITY,F9-P00-T00-HEADER,F9_00_ORG_ADDR_CITY,F9-P00-T00-HEADER
/Return/ReturnData/IRS990EZ/USAddress/CityNm,F9_00_ORG_ADDR_CITY,F9-P00-T00-HEADER,F9_00_ORG_ADDR_CITY,F9-P00-T00-HEADER
/Return/ReturnHeader/Filer/ForeignAddress/City,F9_00_ORG_ADDR_CITY,F9-P00-T00-HEADER,F9_00_ORG_ADDR_CITY,F9-P00-T00-HEADER
/Return/ReturnHeader/Filer/ForeignAddress/CityNm,F9_00_ORG_ADDR_CITY,F9-P00-T00-HEADER,F9_00_ORG_ADDR_CITY,F9-P00-T00-HEADER
/Return/ReturnHeader/Filer/USAddress/City,F9_00_ORG_ADDR_CITY,F9-P00-T00-HEADER,F9_00_ORG_ADDR_CITY,F9-P00-T00-HEADER
/Return/ReturnHeader/Filer/USAddress/CityNm,F9_00_ORG_ADDR_CITY,F9-P00-T00-HEADER,F9_00_ORG_ADDR_CITY,F9-P00-T00-HEADER
/Return/ReturnHeader/Filer/ForeignAddress/Country,F9_00_ORG_ADDR_CNTR,F9-P00-T00-HEADER,F9_00_ORG_ADDR_CNTR,F9-P00-T00-HEADER
/Return/ReturnHeader/Filer/ForeignAddress/CountryCd,F9_00_ORG_ADDR_CNTR,F9-P00-T00-HEADER,F9_00_ORG_ADDR_CNTR,F9-P00-T00-HEADER
/Return/ReturnHeader/Filer/InCareOfNm,F9_00_ORG_ADDR_IN_CARE_OF,F9-P00-T00-HEADER,F9_00_ORG_ADDR_IN_CARE_OF,F9-P00-T00-HEADER
/Return/ReturnHeader/Filer/ForeignAddress/AddressLine1,F9_00_ORG_ADDR_L1,F9-P00-T00-HEADER,F9_00_ORG_ADDR_L1,F9-P00-T00-HEADER
/Return/ReturnHeader/Filer/ForeignAddress/AddressLine1Txt,F9_00_ORG_ADDR_L1,F9-P00-T00-HEADER,F9_00_ORG_ADDR_L1,F9-P00-T00-HEADER
/Return/ReturnHeader/Filer/USAddress/AddressLine1,F9_00_ORG_ADDR_L1,F9-P00-T00-HEADER,F9_00_ORG_ADDR_L1,F9-P00-T00-HEADER
/Return/ReturnHeader/Filer/USAddress/AddressLine1Txt,F9_00_ORG_ADDR_L1,F9-P00-T00-HEADER,F9_00_ORG_ADDR_L1,F9-P00-T00-HEADER
/Return/ReturnHeader/Filer/ForeignAddress/AddressLine2,F9_00_ORG_ADDR_L2,F9-P00-T00-HEADER,F9_00_ORG_ADDR_L2,F9-P00-T00-HEADER
/Return/ReturnHeader/Filer/ForeignAddress/AddressLine2Txt,F9_00_ORG_ADDR_L2,F9-P00-T00-HEADER,F9_00_ORG_ADDR_L2,F9-P00-T00-HEADER
/Return/ReturnHeader/Filer/USAddress/AddressLine2,F9_00_ORG_ADDR_L2,F9-P00-T00-HEADER,F9_00_ORG_ADDR_L2,F9-P00-T00-HEADER
/Return/ReturnHeader/Filer/USAddress/AddressLine2Txt,F9_00_ORG_ADDR_L2,F9-P00-T00-HEADER,F9_00_ORG_ADDR_L2,F9-P00-T00-HEADER
/Return/ReturnHeader/Filer/ForeignAddress/ProvinceOrState,F9_00_ORG_ADDR_STATE,F9-P00-T00-HEADER,F9_00_ORG_ADDR_STATE,F9-P00-T00-HEADER
/Return/ReturnHeader/Filer/ForeignAddress/ProvinceOrStateNm,F9_00_ORG_ADDR_STATE,F9-P00-T00-HEADER,F9_00_ORG_ADDR_STATE,F9-P00-T00-HEADER
/Return/ReturnHeader/Filer/USAddress/State,F9_00_ORG_ADDR_STATE,F9-P00-T00-HEADER,F9_00_ORG_ADDR_STATE,F9-P00-T00-HEADER
/Return/ReturnHeader/Filer/USAddress/StateAbbreviationCd,F9_00_ORG_ADDR_STATE,F9-P00-T00-HEADER,F9_00_ORG_ADDR_STATE,F9-P00-T00-HEADER
/Return/ReturnHeader/Filer/ForeignAddress/ForeignPostalCd,F9_00_ORG_ADDR_ZIP,F9-P00-T00-HEADER,F9_00_ORG_ADDR_ZIP,F9-P00-T00-HEADER
/Return/ReturnHeader/Filer/ForeignAddress/PostalCode,F9_00_ORG_ADDR_ZIP,F9-P00-T00-HEADER,F9_00_ORG_ADDR_ZIP,F9-P00-T00-HEADER
/Return/ReturnHeader/Filer/USAddress/ZIPCd,F9_00_ORG_ADDR_ZIP,F9-P00-T00-HEADER,F9_00_ORG_ADDR_ZIP,F9-P00-T00-HEADER
/Return/ReturnHeader/Filer/USAddress/ZIPCode,F9_00_ORG_ADDR_ZIP,F9-P00-T00-HEADER,F9_00_ORG_ADDR_ZIP,F9-P00-T00-HEADER
/Return/ReturnHeader/Filer/BusinessName/BusinessNameLine1,F9_00_ORG_NAME_L1,F9-P00-T00-HEADER,F9_00_ORG_NAME_L1,F9-P00-T00-HEADER
/Return/ReturnHeader/Filer/BusinessName/BusinessNameLine1Txt,F9_00_ORG_NAME_L1,F9-P00-T00-HEADER,F9_00_ORG_NAME_L1,F9-P00-T00-HEADER
/Return/ReturnHeader/Filer/Name/BusinessNameLine1,F9_00_ORG_NAME_L1,F9-P00-T00-HEADER,F9_00_ORG_NAME_L1,F9-P00-T00-HEADER
/Return/ReturnHeader/Filer/BusinessName/BusinessNameLine2,F9_00_ORG_NAME_L2,F9-P00-T00-HEADER,F9_00_ORG_NAME_L2,F9-P00-T00-HEADER
/Return/ReturnHeader/Filer/BusinessName/BusinessNameLine2Txt,F9_00_ORG_NAME_L2,F9-P00-T00-HEADER,F9_00_ORG_NAME_L2,F9-P00-T00-HEADER
/Return/ReturnHeader/Filer/Name/BusinessNameLine2,F9_00_ORG_NAME_L2,F9-P00-T00-HEADER,F9_00_ORG_NAME_L2,F9-P00-T00-HEADER
/Return/ReturnHeader/Filer/EIN,F9_00_ORG_EIN,F9-P00-T00-HEADER,F9_00_ORG_EIN,F9-P00-T00-HEADER
/Return/ReturnHeader/Filer/Phone,F9_00_ORG_PHONE,F9-P00-T00-HEADER,F9_00_ORG_PHONE,F9-P00-T00-HEADER
/Return/ReturnHeader/Filer/PhoneNum,F9_00_ORG_PHONE,F9-P00-T00-HEADER,F9_00_ORG_PHONE,F9-P00-T00-HEADER
/Return/ReturnData/CompensationExplanation/Compensation/BusinessName/BusinessNameLine1,PF_AX09_COMP_NAME_ORG_L1,PF-P99-T09-COMP,F9_07_COMP_DTK_EXPL_NAME_ORG_L1,F9-P07-T01-COMPENSATION
/Return/ReturnData/CompensationExplanation/CompensationExplanationGrp/BusinessName/BusinessNameLine1Txt,PF_AX09_COMP_NAME_ORG_L1,PF-P99-T09-COMP,F9_07_COMP_DTK_EXPL_NAME_ORG_L1,F9-P07-T01-COMPENSATION
/Return/ReturnData/CompensationExplanation/Compensation/BusinessName/BusinessNameLine2,PF_AX09_COMP_NAME_ORG_L2,PF-P99-T09-COMP,F9_07_COMP_DTK_EXPL_NAME_ORG_L2,F9-P07-T01-COMPENSATION
/Return/ReturnData/CompensationExplanation/CompensationExplanationGrp/BusinessName/BusinessNameLine2Txt,PF_AX09_COMP_NAME_ORG_L2,PF-P99-T09-COMP,F9_07_COMP_DTK_EXPL_NAME_ORG_L2,F9-P07-T01-COMPENSATION
/Return/ReturnData/CompensationExplanation/Compensation/PersonName,PF_AX09_COMP_NAME_PERS,PF-P99-T09-COMP,F9_07_COMP_DTK_EXPL_NAME_PERS,F9-P07-T01-COMPENSATION
/Return/ReturnData/CompensationExplanation/CompensationExplanationGrp/PersonNm,PF_AX09_COMP_NAME_PERS,PF-P99-T09-COMP,F9_07_COMP_DTK_EXPL_NAME_PERS,F9-P07-T01-COMPENSATION
/Return/ReturnData/CompensationExplanation/Compensation/Explanation,PF_AX09_COMP_EXPLANATION,PF-P99-T09-COMP,F9_07_COMP_DTK_EXPL_TXT,F9-P07-T01-COMPENSATION
/Return/ReturnData/CompensationExplanation/CompensationExplanationGrp/ShortExplanationTxt,PF_AX09_COMP_NAME_PERS,PF-P99-T09-COMP,F9_07_COMP_DTK_EXPL_TXT,F9-P07-T01-COMPENSATION
/Return/ReturnData/CompensationExplanation/CompensationExplanationGrp/BusinessName/BusinessNameLine1,PF_AX09_COMP_NAME_ORG_L1,PF-P99-T09-COMP,F9_07_COMP_DTK_EXPL_NAME_ORG_L1,F9-P07-T01-COMPENSATION
/Return/ReturnData/CompensationExplanation/CompensationExplanationGrp/BusinessName/BusinessNameLine2,PF_AX09_COMP_NAME_ORG_L2,PF-P99-T09-COMP,F9_07_COMP_DTK_EXPL_NAME_ORG_L2,F9-P07-T01-COMPENSATION
/Return/ReturnData/EmployeeCompensationExpln/EmployeeCompExplanation/EmployeeName,PF_AX14_COMP_EMPL_NAME,PF-P99-T14-COMP-EMPL,F9_07_COMP_DTK_EXPL_NAME_PERS,F9-P07-T01-COMPENSATION
/Return/ReturnData/EmployeeCompensationExpln/EmployeeCompExplanation/Explanation,PF_AX14_COMP_EMPL_EXPLANATION,PF-P99-T14-COMP-EMPL,F9_07_COMP_DTK_EXPL_TXT,F9-P07-T01-COMPENSATION
/Return/ReturnData/EmployeeCompensationExpln/EmployeeCompExplanationGrp/EmployeeNm,PF_AX14_COMP_EMPL_NAME,PF-P99-T14-COMP-EMPL,F9_07_COMP_DTK_EXPL_NAME_PERS,F9-P07-T01-COMPENSATION
/Return/ReturnData/EmployeeCompensationExpln/EmployeeCompExplanationGrp/ExplanationTxt,PF_AX14_COMP_EMPL_EXPLANATION,PF-P99-T14-COMP-EMPL,F9_07_COMP_DTK_EXPL_TXT,F9-P07-T01-COMPENSATION
