table_id,named,declared,observed,tax_year,filings,filings_repeat,share_repeat,max_per_filing,filings_multivalue_repeat,most_repeated_xpath,pf_filings
PF-P00-T00-HEADER,ONE (T00),ONE,ONE (never repeats),2023,124529,0,0,1,0,/Return/ReturnData/IRS990PF/Organization501c3ExemptPFInd,124529
PF-P00-T00-HEADER,ONE (T00),ONE,ONE (never repeats),2024,114820,0,0,1,0,/Return/ReturnData/IRS990PF/MethodOfAccountingCashInd,114820
PF-P01-T00-REVENUE-EXPENSE,ONE (T00),ONE,ONE (never repeats),2023,124529,0,0,1,0,/Return/ReturnData/IRS990PF/AnalysisOfRevenueAndExpenses/CostOfGoodsSoldAmt,124529
PF-P01-T00-REVENUE-EXPENSE,ONE (T00),ONE,ONE (never repeats),2024,114820,0,0,1,0,/Return/ReturnData/IRS990PF/AnalysisOfRevenueAndExpenses/TotOprExpensesAdjNetIncmAmt,114820
PF-P02-T00-BALANCE-SHEET,ONE (T00),ONE,ONE (never repeats),2023,124529,0,0,1,0,/Return/ReturnData/IRS990PF/Form990PFBalanceSheetsGrp/AcctRcvblAmt,124529
PF-P02-T00-BALANCE-SHEET,ONE (T00),ONE,ONE (never repeats),2024,114820,0,0,1,0,/Return/ReturnData/IRS990PF/Form990PFBalanceSheetsGrp/TotalLiabilitiesNetAstEOYAmt,114820
PF-P03-T00-NET-ASSET-FUND-BALANCE-CHANGE,ONE (T00),ONE,ONE (never repeats),2023,121467,0,0,1,0,/Return/ReturnData/IRS990PF/ChgInNetAssetsFundBalancesGrp/SubtotalAmt,124529
PF-P03-T00-NET-ASSET-FUND-BALANCE-CHANGE,ONE (T00),ONE,ONE (never repeats),2024,112092,0,0,1,0,/Return/ReturnData/IRS990PF/ChgInNetAssetsFundBalancesGrp/OtherIncreasesAmt,114820
PF-P04-T00-INVEST-INCOME-TAX-CAPITAL-GAINLOSS,ONE (T00),ONE,ONE (never repeats),2023,73338,0,0,1,0,/Return/ReturnData/IRS990PF/CapGainsLossTxInvstIncmDetail/CapitalGainNetIncomeAmt,124529
PF-P04-T00-INVEST-INCOME-TAX-CAPITAL-GAINLOSS,ONE (T00),ONE,ONE (never repeats),2024,68749,0,0,1,0,/Return/ReturnData/IRS990PF/CapGainsLossTxInvstIncmDetail/CapitalGainNetIncomeAmt,114820
PF-P04-T01-INVEST-INCOME-TAX-CAPITAL-GAINLOSS,MANY (T01+),MANY,MANY (repeats),2023,68631,55441,80.78,12770,0,/Return/ReturnData/IRS990PF/CapGainsLossTxInvstIncmDetail/CapGainsLossTxInvstIncmGrp/PropertyDesc,124529
PF-P04-T01-INVEST-INCOME-TAX-CAPITAL-GAINLOSS,MANY (T01+),MANY,MANY (repeats),2024,64431,52137,80.92,12672,0,/Return/ReturnData/IRS990PF/CapGainsLossTxInvstIncmDetail/CapGainsLossTxInvstIncmGrp/PropertyDesc,114820
PF-P05-T00-NET-INVEST-INCOME-TAX-4940E,ONE (T00),ONE,not observed,,,,,,,,
PF-P06-T00-INVEST-INCOME-EXCISE-TAX,ONE (T00),ONE,ONE (never repeats),2023,123190,0,0,1,0,/Return/ReturnData/IRS990PF/ExciseTaxBasedOnInvstIncmGrp/EstimatedPlusOvpmtIncmTxAmt,124529
PF-P06-T00-INVEST-INCOME-EXCISE-TAX,ONE (T00),ONE,ONE (never repeats),2024,113673,0,0,1,0,/Return/ReturnData/IRS990PF/ExciseTaxBasedOnInvstIncmGrp/TotalPaymentsAndCreditsAmt,114820
PF-P07-T00-ACTIVITIES,ONE (T00),ONE,ONE (never repeats),2023,124528,0,0,1,3898,/Return/ReturnData/IRS990PF/StatementsRegardingActyGrp/ComplyWithPublicInspRqrInd,124529
PF-P07-T00-ACTIVITIES,ONE (T00),ONE,ONE (never repeats),2024,114820,0,0,1,3629,/Return/ReturnData/IRS990PF/StatementsRegardingActyGrp/ChangesToArticlesOrBylawsInd,114820
PF-P07-T00-ACTIVITIES-4720,ONE (T00),ONE,ONE (never repeats),2023,122529,0,0,1,0,/Return/ReturnData/IRS990PF/StatementsRegardingActy4720Grp/BusinessHoldingsInd,124529
PF-P07-T00-ACTIVITIES-4720,ONE (T00),ONE,ONE (never repeats),2024,114366,0,0,1,0,/Return/ReturnData/IRS990PF/StatementsRegardingActy4720Grp/ActsFailToQlfyAsExceptionsInd,114820
PF-P08-T00-COMPENSATION-CONTRACTORS,ONE (T00),ONE,ONE (never repeats),2023,110041,0,0,1,0,/Return/ReturnData/IRS990PF/OfficerDirTrstKeyEmplInfoGrp/CompOfHghstPdCntrctOrNONETxt,124529
PF-P08-T00-COMPENSATION-CONTRACTORS,ONE (T00),ONE,ONE (never repeats),2024,105544,0,0,1,0,/Return/ReturnData/IRS990PF/OfficerDirTrstKeyEmplInfoGrp/CompOfHghstPdCntrctOrNONETxt,114820
PF-P08-T00-COMPENSATION-HIGHEST,ONE (T00),ONE,ONE (never repeats),2023,109784,0,0,1,0,/Return/ReturnData/IRS990PF/OfficerDirTrstKeyEmplInfoGrp/CompOfHghstPdEmplOrNONETxt,124529
PF-P08-T00-COMPENSATION-HIGHEST,ONE (T00),ONE,ONE (never repeats),2024,105120,0,0,1,0,/Return/ReturnData/IRS990PF/OfficerDirTrstKeyEmplInfoGrp/CompOfHghstPdEmplOrNONETxt,114820
PF-P08-T01-COMPENSATION,MANY (T01+),MANY,MANY (repeats),2023,124529,90260,72.48,75,0,/Return/ReturnData/IRS990PF/OfficerDirTrstKeyEmplInfoGrp/OfficerDirTrstKeyEmplGrp/TitleTxt,124529
PF-P08-T01-COMPENSATION,MANY (T01+),MANY,MANY (repeats),2024,114820,83038,72.32,78,0,/Return/ReturnData/IRS990PF/OfficerDirTrstKeyEmplInfoGrp/OfficerDirTrstKeyEmplGrp/USAddress/StateAbbreviationCd,114820
PF-P08-T02-COMPENSATION-HIGHEST,MANY (T01+),MANY,MANY (repeats),2023,3047,1946,63.87,5,0,/Return/ReturnData/IRS990PF/OfficerDirTrstKeyEmplInfoGrp/CompensationHighestPaidEmplGrp/ExpenseAccountAmt,124529
PF-P08-T02-COMPENSATION-HIGHEST,MANY (T01+),MANY,MANY (repeats),2024,2837,1817,64.05,5,0,/Return/ReturnData/IRS990PF/OfficerDirTrstKeyEmplInfoGrp/CompensationHighestPaidEmplGrp/USAddress/ZIPCd,114820
PF-P08-T03-COMPENSATION-CONTRACTORS,MANY (T01+),MANY,MANY (repeats),2023,5473,2489,45.48,5,0,/Return/ReturnData/IRS990PF/OfficerDirTrstKeyEmplInfoGrp/CompensationOfHghstPdCntrctGrp/BusinessName/BusinessNameLine1Txt,124529
PF-P08-T03-COMPENSATION-CONTRACTORS,MANY (T01+),MANY,MANY (repeats),2024,5256,2364,44.98,5,0,/Return/ReturnData/IRS990PF/OfficerDirTrstKeyEmplInfoGrp/CompensationOfHghstPdCntrctGrp/USAddress/StateAbbreviationCd,114820
PF-P09-T00-PROG-RELATED-INVESTMENTS,ONE (T00),ONE,ONE (never repeats),2023,47740,0,0,1,0,/Return/ReturnData/IRS990PF/SumOfProgramRelatedInvstGrp/TotalAmt,124529
PF-P09-T00-PROG-RELATED-INVESTMENTS,ONE (T00),ONE,ONE (never repeats),2024,49074,0,0,1,0,/Return/ReturnData/IRS990PF/SumOfProgramRelatedInvstGrp/TotalAmt,114820
PF-P09-T01-CHARITABLE-ACTIVITIES,MANY (T01+),ONE,ONE (never repeats),2023,36217,0,0,1,0,/Return/ReturnData/IRS990PF/SummaryOfDirectChrtblActyGrp/Expenses1Amt,124529
PF-P09-T01-CHARITABLE-ACTIVITIES,MANY (T01+),ONE,ONE (never repeats),2024,32844,0,0,1,0,/Return/ReturnData/IRS990PF/SummaryOfDirectChrtblActyGrp/Expenses1Amt,114820
PF-P09-T02-PROG-RELATED-INVESTMENTS,MANY (T01+),ONE,ONE (never repeats),2023,29172,0,0,1,0,/Return/ReturnData/IRS990PF/SumOfProgramRelatedInvstGrp/Expenses1Amt,124529
PF-P09-T02-PROG-RELATED-INVESTMENTS,MANY (T01+),ONE,ONE (never repeats),2024,24869,0,0,1,0,/Return/ReturnData/IRS990PF/SumOfProgramRelatedInvstGrp/Description1Txt,114820
PF-P10-T00-MINIMUM-INVESTMENT-RETURN,ONE (T00),ONE,ONE (never repeats),2023,122141,0,0,1,0,/Return/ReturnData/IRS990PF/MinimumInvestmentReturnGrp/AdjustedTotalFMVOfUnusedAstAmt,124529
PF-P10-T00-MINIMUM-INVESTMENT-RETURN,ONE (T00),ONE,ONE (never repeats),2024,112697,0,0,1,0,/Return/ReturnData/IRS990PF/MinimumInvestmentReturnGrp/CashDeemedCharitableAmt,114820
PF-P11-T00-DISTRIBUTABLE-AMOUNT,ONE (T00),ONE,ONE (never repeats),2023,124494,0,0,1,0,/Return/ReturnData/IRS990PF/DistributableAmountGrp/DistributableAsAdjustedAmt,124529
PF-P11-T00-DISTRIBUTABLE-AMOUNT,ONE (T00),ONE,ONE (never repeats),2024,114810,0,0,1,0,/Return/ReturnData/IRS990PF/DistributableAmountGrp/TaxBasedOnInvestmentIncomeAmt,114820
PF-P12-T00-QUALIFYING-DISTRIBUTIONS,ONE (T00),ONE,ONE (never repeats),2023,124523,0,0,1,0,/Return/ReturnData/IRS990PF/PFQualifyingDistributionsGrp/QualifyingDistributionsAmt,124529
PF-P12-T00-QUALIFYING-DISTRIBUTIONS,ONE (T00),ONE,ONE (never repeats),2024,114814,0,0,1,0,/Return/ReturnData/IRS990PF/PFQualifyingDistributionsGrp/ExpensesAndContributionsAmt,114820
PF-P13-T00-UNDISTRIBUTED-INCOME,ONE (T00),ONE,ONE (never repeats),2023,117397,0,0,1,0,/Return/ReturnData/IRS990PF/UndistributedIncomeGrp/ExcessDistriCyovToNextYrAmt,124529
PF-P13-T00-UNDISTRIBUTED-INCOME,ONE (T00),ONE,ONE (never repeats),2024,107852,0,0,1,0,/Return/ReturnData/IRS990PF/UndistributedIncomeGrp/QualifyingDistributionsAmt,114820
PF-P14-T00-PRIVATE-OPERATING-FOUNDATIONS,ONE (T00),ONE,ONE (never repeats),2023,13920,0,0,1,0,/Return/ReturnData/IRS990PF/PrivateOperatingFoundationsGrp/QualifyingDistriMadeDrtGrp/CurrentYearAmt,124529
PF-P14-T00-PRIVATE-OPERATING-FOUNDATIONS,ONE (T00),ONE,ONE (never repeats),2024,12772,0,0,1,0,/Return/ReturnData/IRS990PF/PrivateOperatingFoundationsGrp/QualifyingDistributionsGrp/CurrentYearAmt,114820
PF-P15-T00-SUPPLEMENTARY-INFO,ONE (T00),ONE,ONE (never repeats),2023,98001,0,0,1,10373,/Return/ReturnData/IRS990PF/SupplementaryInformationGrp/OnlyContriToPreselectedInd,124529
PF-P15-T00-SUPPLEMENTARY-INFO,ONE (T00),ONE,ONE (never repeats),2024,90895,0,0,1,9500,/Return/ReturnData/IRS990PF/SupplementaryInformationGrp/OnlyContriToPreselectedInd,114820
PF-P15-T00-SUPPLEMENTARY-INFO-GRANT-FUTURE,ONE (T00),ONE,ONE (never repeats),2023,51683,0,0,1,0,/Return/ReturnData/IRS990PF/SupplementaryInformationGrp/TotalGrantOrContriApprvFutAmt,124529
PF-P15-T00-SUPPLEMENTARY-INFO-GRANT-FUTURE,ONE (T00),ONE,ONE (never repeats),2024,48997,0,0,1,0,/Return/ReturnData/IRS990PF/SupplementaryInformationGrp/TotalGrantOrContriApprvFutAmt,114820
PF-P15-T00-SUPPLEMENTARY-INFO-GRANT-PAID,ONE (T00),ONE,ONE (never repeats),2023,105525,0,0,1,0,/Return/ReturnData/IRS990PF/SupplementaryInformationGrp/TotalGrantOrContriPdDurYrAmt,124529
PF-P15-T00-SUPPLEMENTARY-INFO-GRANT-PAID,ONE (T00),ONE,ONE (never repeats),2024,98280,0,0,1,0,/Return/ReturnData/IRS990PF/SupplementaryInformationGrp/TotalGrantOrContriPdDurYrAmt,114820
PF-P15-T01-SUPPLEMENTARY-INFO-GRANT-PAID,MANY (T01+),MANY,MANY (repeats),2023,94700,71501,75.5,363675,0,/Return/ReturnData/IRS990PF/SupplementaryInformationGrp/GrantOrContributionPdDurYrGrp/RecipientBusinessName/BusinessNameLine1Txt,124529
PF-P15-T01-SUPPLEMENTARY-INFO-GRANT-PAID,MANY (T01+),MANY,MANY (repeats),2024,87809,66082,75.26,10334,0,/Return/ReturnData/IRS990PF/SupplementaryInformationGrp/GrantOrContributionPdDurYrGrp/RecipientFoundationStatusTxt,114820
PF-P15-T02-SUPPLEMENTARY-INFO-GRANT-FUTURE,MANY (T01+),MANY,MANY (repeats),2023,2851,1930,67.7,1565,0,/Return/ReturnData/IRS990PF/SupplementaryInformationGrp/GrantOrContriApprvForFutGrp/RecipientFoundationStatusTxt,124529
PF-P15-T02-SUPPLEMENTARY-INFO-GRANT-FUTURE,MANY (T01+),MANY,MANY (repeats),2024,2495,1702,68.22,1593,0,/Return/ReturnData/IRS990PF/SupplementaryInformationGrp/GrantOrContriApprvForFutGrp/RecipientRelationshipTxt,114820
PF-P15-T03-SUPPLEMENTARY-INFO-GRANT-APP,MANY (T01+),MANY,MANY (repeats),2023,29333,473,1.61,28,0,/Return/ReturnData/IRS990PF/SupplementaryInformationGrp/ApplicationSubmissionInfoGrp/SubmissionDeadlinesTxt,124529
PF-P15-T03-SUPPLEMENTARY-INFO-GRANT-APP,MANY (T01+),MANY,MANY (repeats),2024,26596,437,1.64,97,0,/Return/ReturnData/IRS990PF/SupplementaryInformationGrp/ApplicationSubmissionInfoGrp/RecipientPersonNm,114820
PF-P16-T00-INCOME-PRODUCING-ACTS,ONE (T00),ONE,ONE (never repeats),2023,108661,0,0,1,0,/Return/ReturnData/IRS990PF/AnalysisIncomeProducingActyGrp/GainSalesAstOthThanInvntryGrp/ExclusionCd,124529
PF-P16-T00-INCOME-PRODUCING-ACTS,ONE (T00),ONE,ONE (never repeats),2024,101056,0,0,1,0,/Return/ReturnData/IRS990PF/AnalysisIncomeProducingActyGrp/DividendsAndInterestFromSecDtl/ExclusionAmt,114820
PF-P16-T01-INCOME-PRODUCING-ACTS,MANY (T01+),MANY,MANY (repeats),2023,9765,6591,67.5,20,0,/Return/ReturnData/IRS990PF/AnalysisIncomeProducingActyGrp/ProgramServiceRevenueDtl/Desc,124529
PF-P16-T01-INCOME-PRODUCING-ACTS,MANY (T01+),MANY,MANY (repeats),2024,9348,6350,67.93,19,0,/Return/ReturnData/IRS990PF/AnalysisIncomeProducingActyGrp/ProgramServiceRevenueDtl/Desc,114820
PF-P16-T02-INCOME-PRODUCING-ACTS,MANY (T01+),MANY,MANY (repeats),2023,30304,10785,35.59,20,0,/Return/ReturnData/IRS990PF/AnalysisIncomeProducingActyGrp/OtherRevenueDescribedGrp/ExclusionCd,124529
PF-P16-T02-INCOME-PRODUCING-ACTS,MANY (T01+),MANY,MANY (repeats),2024,21375,9786,45.78,20,0,/Return/ReturnData/IRS990PF/AnalysisIncomeProducingActyGrp/OtherRevenueDescribedGrp/ExclusionCd,114820
PF-P16-T03-ACTS-RELATIONSHIP-EXEMPT-PURPOSE,MANY (T01+),MANY,MANY (repeats),2023,16533,6440,38.95,34,0,/Return/ReturnData/IRS990PF/RlnOfActyToAccomOfExmptPrpsGrp/RlnOfActyToAccomOfExmptPrpsGrp/LineNumberTxt,124529
PF-P16-T03-ACTS-RELATIONSHIP-EXEMPT-PURPOSE,MANY (T01+),MANY,MANY (repeats),2024,14209,5583,39.29,48,0,/Return/ReturnData/IRS990PF/RlnOfActyToAccomOfExmptPrpsGrp/RlnOfActyToAccomOfExmptPrpsGrp/LineNumberTxt,114820
PF-P17-T00-RELATIONSHIPS,ONE (T00),ONE,ONE (never repeats),2023,123443,0,0,1,0,/Return/ReturnData/IRS990PF/TrnsfrTransRlnNonchrtblEOGrp/RelationshipsNonchrtblEOInd,124529
PF-P17-T00-RELATIONSHIPS,ONE (T00),ONE,ONE (never repeats),2024,113393,0,0,1,0,/Return/ReturnData/IRS990PF/TrnsfrTransRlnNonchrtblEOGrp/RelationshipsNonchrtblEOInd,114820
PF-P17-T00-TRANSFERS-TRANSACTIONS,ONE (T00),ONE,ONE (never repeats),2023,123443,0,0,1,0,/Return/ReturnData/IRS990PF/TrnsfrTransRlnNonchrtblEOGrp/SharingOfFacilitiesEtcInd,124529
PF-P17-T00-TRANSFERS-TRANSACTIONS,ONE (T00),ONE,ONE (never repeats),2024,113393,0,0,1,0,/Return/ReturnData/IRS990PF/TrnsfrTransRlnNonchrtblEOGrp/TrnsfrOfCashToNonchrtblEOInd,114820
PF-P17-T01-TRANSFERS-TRANSACTIONS,MANY (T01+),MANY,MANY (repeats),2023,873,208,23.83,21,0,/Return/ReturnData/IRS990PF/TrnsfrTransRlnNonchrtblEOGrp/TransferScheduleDetail/InvolvedAmt,124529
PF-P17-T01-TRANSFERS-TRANSACTIONS,MANY (T01+),MANY,MANY (repeats),2024,816,222,27.21,19,0,/Return/ReturnData/IRS990PF/TrnsfrTransRlnNonchrtblEOGrp/TransferScheduleDetail/NoncharitableExemptOrgName/BusinessNameLine1Txt,114820
PF-P17-T02-RELATIONSHIPS,MANY (T01+),MANY,MANY (repeats),2023,1288,264,20.5,14,0,/Return/ReturnData/IRS990PF/TrnsfrTransRlnNonchrtblEOGrp/RelationshipScheduleDetail/OrganizationTypeDesc,124529
PF-P17-T02-RELATIONSHIPS,MANY (T01+),MANY,MANY (repeats),2024,1169,240,20.53,14,0,/Return/ReturnData/IRS990PF/TrnsfrTransRlnNonchrtblEOGrp/RelationshipScheduleDetail/RelationshipDescriptionTxt,114820
PF-P99-T00-AUXILLIARY,ONE (T00),ONE,ONE (never repeats),2023,12283,0,0,1,0,/Return/ReturnData/ExplnOfNonFilingWithAGStmt/ExplanationTxt,124529
PF-P99-T00-AUXILLIARY,ONE (T00),ONE,ONE (never repeats),2024,11659,0,0,1,0,/Return/ReturnData/ExplnOfNonFilingWithAGStmt/ExplanationTxt,114820
PF-P99-T01-ACC-FEES,MANY (T01+),MANY,MANY (repeats),2023,72012,2751,3.82,10,0,/Return/ReturnData/AccountingFeesSchedule/AccountingFeesDetail/Amt,124529
PF-P99-T01-ACC-FEES,MANY (T01+),MANY,MANY (repeats),2024,67109,2477,3.69,13,0,/Return/ReturnData/AccountingFeesSchedule/AccountingFeesDetail/CategoryTxt,114820
PF-P99-T03-PROG-INVEST-OTH,MANY (T01+),MANY,MANY (repeats),2023,2633,103,3.91,27,0,/Return/ReturnData/AllOthProgRltdInvestmentsSch/AllOtherProgramRelatedInvstGrp/Amt,124529
PF-P99-T03-PROG-INVEST-OTH,MANY (T01+),MANY,MANY (repeats),2024,2342,109,4.65,33,0,/Return/ReturnData/AllOthProgRltdInvestmentsSch/AllOtherProgramRelatedInvstGrp/Amt,114820
PF-P99-T04-AMORTIZATION,MANY (T01+),MANY,MANY (repeats),2023,620,175,28.23,508,0,/Return/ReturnData/AmortizationSchedule/AmortizationScheduleDetail/AmortizedExpensesDesc,124529
PF-P99-T04-AMORTIZATION,MANY (T01+),MANY,MANY (repeats),2024,537,156,29.05,433,0,/Return/ReturnData/AmortizationSchedule/AmortizationScheduleDetail/AmortizationPeriodRt,114820
PF-P99-T06-FUND-BORROWED,MANY (T01+),MANY,MANY (repeats),2023,19,1,5.26,5,0,/Return/ReturnData/BorrowedFundsElection/BorrowedFundsGrp/USAddress/StateAbbreviationCd,124529
PF-P99-T06-FUND-BORROWED,MANY (T01+),MANY,MANY (repeats),2024,16,2,12.5,5,0,/Return/ReturnData/BorrowedFundsElection/BorrowedFundsGrp/USAddress/AddressLine1Txt,114820
PF-P99-T09-COMP,MANY (T01+),MANY,MANY (repeats),2023,1963,658,33.52,14,0,/Return/ReturnData/CompensationExplanation/CompensationExplanationGrp/ShortExplanationTxt,124529
PF-P99-T09-COMP,MANY (T01+),MANY,MANY (repeats),2024,1733,541,31.22,14,0,/Return/ReturnData/CompensationExplanation/CompensationExplanationGrp/ShortExplanationTxt,114820
PF-P99-T10-COMP-KONTR,MANY (T01+),MANY,MANY (repeats),2023,386,103,26.68,5,0,/Return/ReturnData/ContractorCompensationExpln/ContractorCompExplnGrp/ContractorPersonNm,124529
PF-P99-T10-COMP-KONTR,MANY (T01+),MANY,MANY (repeats),2024,392,103,26.28,5,0,/Return/ReturnData/ContractorCompensationExpln/ContractorCompExplnGrp/ContractorBusinessName/BusinessNameLine1Txt,114820
PF-P99-T11-DEPREC,MANY (T01+),MANY,MANY (repeats),2023,7161,5387,75.23,1936,0,/Return/ReturnData/DepreciationSchedule/DepreciationPropertyGrp/ComputationMethodTxt,124529
PF-P99-T11-DEPREC,MANY (T01+),MANY,MANY (repeats),2024,6475,4798,74.1,1939,0,/Return/ReturnData/DepreciationSchedule/DepreciationPropertyGrp/CurrentYearExpenseAmt,114820
PF-P99-T12-DISSOLUTION,MANY (T01+),MANY,MANY (repeats),2023,1328,284,21.39,107,0,/Return/ReturnData/DissolutionStmt/DissolutionInformationGrp/USAddress/AddressLine1Txt,124529
PF-P99-T12-DISSOLUTION,MANY (T01+),MANY,MANY (repeats),2024,1293,237,18.33,38,0,/Return/ReturnData/DissolutionStmt/DissolutionInformationGrp/USAddress/CityNm,114820
PF-P99-T14-COMP-EMPL,MANY (T01+),MANY,MANY (repeats),2023,55,12,21.82,5,0,/Return/ReturnData/EmployeeCompensationExpln/EmployeeCompExplanationGrp/ExplanationTxt,124529
PF-P99-T14-COMP-EMPL,MANY (T01+),MANY,MANY (repeats),2024,57,10,17.54,5,0,/Return/ReturnData/EmployeeCompensationExpln/EmployeeCompExplanationGrp/EmployeeNm,114820
PF-P99-T16-EXP-RESPONSIBILITY,MANY (T01+),MANY,MANY (repeats),2023,2179,1059,48.6,1265,0,/Return/ReturnData/ExpenditureResponsibilityStmt/ExpenditureResponsibilityGrp/BusinessName/BusinessNameLine1Txt,124529
PF-P99-T16-EXP-RESPONSIBILITY,MANY (T01+),MANY,MANY (repeats),2024,2029,1044,51.45,1342,0,/Return/ReturnData/ExpenditureResponsibilityStmt/ExpenditureResponsibilityGrp/DatesOfReportsByGranteeTxt,114820
PF-P99-T19-SALE-NONPUB-SEC,MANY (T01+),MANY,not observed,,,,,,,,
PF-P99-T20-SALE-OTH-ASSET,MANY (T01+),MANY,MANY (repeats),2023,6615,4314,65.22,755,0,/Return/ReturnData/GainLossSaleOtherAssetsSch/GainLossSaleOtherAssetGrp/AcquiredDt,124529
PF-P99-T20-SALE-OTH-ASSET,MANY (T01+),MANY,MANY (repeats),2024,5881,3799,64.6,841,0,/Return/ReturnData/GainLossSaleOtherAssetsSch/GainLossSaleOtherAssetGrp/HowAcquiredTxt,114820
PF-P99-T21-SALE-PUB-SEC,MANY (T01+),MANY,not observed,,,,,,,,
PF-P99-T22-SUPPLEMENTAL-INFO,MANY (T01+),MANY,MANY (repeats),2023,6322,635,10.04,10,0,/Return/ReturnData/GeneralExplanationAttachment/GeneralExplanationGrp/FormAndLineReferenceDesc,124529
PF-P99-T22-SUPPLEMENTAL-INFO,MANY (T01+),MANY,MANY (repeats),2024,5714,562,9.84,10,0,/Return/ReturnData/GeneralExplanationAttachment/GeneralExplanationGrp/FormAndLineReferenceDesc,114820
PF-P99-T23-INVEST-CORP-BOND,MANY (T01+),MANY,MANY (repeats),2023,19461,10406,53.47,804,0,/Return/ReturnData/InvestmentsCorpBondsSchedule/InvestmentsCorporateBondsGrp/BondNm,124529
PF-P99-T23-INVEST-CORP-BOND,MANY (T01+),MANY,MANY (repeats),2024,18101,10143,56.04,1993,0,/Return/ReturnData/InvestmentsCorpBondsSchedule/InvestmentsCorporateBondsGrp/BondNm,114820
PF-P99-T24-INVEST-CORP-STOCK,MANY (T01+),MANY,MANY (repeats),2023,50396,29982,59.49,6199,0,/Return/ReturnData/InvestmentsCorpStockSchedule/InvestmentsCorporateStockGrp/StockNm,124529
PF-P99-T24-INVEST-CORP-STOCK,MANY (T01+),MANY,MANY (repeats),2024,46424,27873,60.04,5988,0,/Return/ReturnData/InvestmentsCorpStockSchedule/InvestmentsCorporateStockGrp/StockNm,114820
PF-P99-T25-INVEST-GOVT-SEC,MANY (T01+),ONE,MANY (repeats),2023,10151,13,0.13,23,0,/Return/ReturnData/InvestmentsGovtObligationsSch/StateLocalSecBookVlEOYAmt,124529
PF-P99-T25-INVEST-GOVT-SEC,MANY (T01+),ONE,MANY (repeats),2024,8958,32,0.36,23,0,/Return/ReturnData/InvestmentsGovtObligationsSch/StateLocalSecBookVlEOYAmt,114820
PF-P99-T26-INVEST-LAND,MANY (T01+),MANY,MANY (repeats),2023,1832,957,52.24,758,0,/Return/ReturnData/InvestmentsLandSchedule2/InvestmentLandGrp/CostOrOtherBasisAmt,124529
PF-P99-T26-INVEST-LAND,MANY (T01+),MANY,MANY (repeats),2024,1679,886,52.77,770,0,/Return/ReturnData/InvestmentsLandSchedule2/InvestmentLandGrp/CostOrOtherBasisAmt,114820
PF-P99-T27-INVEST-OTH,MANY (T01+),MANY,MANY (repeats),2023,39980,25828,64.6,1845,0,/Return/ReturnData/InvestmentsOtherSchedule2/InvestmentsOtherGrp/CategoryOrItemTxt,124529
PF-P99-T27-INVEST-OTH,MANY (T01+),MANY,MANY (repeats),2024,37270,24394,65.45,1946,0,/Return/ReturnData/InvestmentsOtherSchedule2/InvestmentsOtherGrp/BookValueAmt,114820
PF-P99-T28-LAND-ETC,MANY (T01+),MANY,MANY (repeats),2023,8357,4871,58.29,1612,0,/Return/ReturnData/LandEtcSchedule2/LandEtcGrp/AccumulatedDepreciationAmt,124529
PF-P99-T28-LAND-ETC,MANY (T01+),MANY,MANY (repeats),2024,7488,4337,57.92,895,0,/Return/ReturnData/LandEtcSchedule2/LandEtcGrp/AccumulatedDepreciationAmt,114820
PF-P99-T29-LEGAL-FEES,MANY (T01+),MANY,MANY (repeats),2023,19075,1376,7.21,19,0,/Return/ReturnData/LegalFeesSchedule/LegalFeesGrp/CategoryTxt,124529
PF-P99-T29-LEGAL-FEES,MANY (T01+),MANY,MANY (repeats),2024,17198,1228,7.14,21,0,/Return/ReturnData/LegalFeesSchedule/LegalFeesGrp/LegalFeesAmt,114820
PF-P99-T31-LOAN-OFF,MANY (T01+),MANY,MANY (repeats),2023,572,103,18.01,38,0,/Return/ReturnData/LoansFromOfficersSchedule/LoansFromOfficerGrp/SecurityProvidedBorrowerTxt,124529
PF-P99-T31-LOAN-OFF,MANY (T01+),MANY,MANY (repeats),2024,508,94,18.5,39,0,/Return/ReturnData/LoansFromOfficersSchedule/LoansFromOfficerGrp/SecurityProvidedBorrowerTxt,114820
PF-P99-T32-MTG-NOTE,MANY (T01+),MANY,MANY (repeats),2023,556,142,25.54,23,0,/Return/ReturnData/MortgagesAndNotesPayableSch/NotePayableGrp/SecurityProvidedBorrowerTxt,124529
PF-P99-T32-MTG-NOTE,MANY (T01+),MANY,MANY (repeats),2024,450,122,27.11,21,0,/Return/ReturnData/MortgagesAndNotesPayableSch/NotePayableGrp/SecurityProvidedBorrowerTxt,114820
PF-P99-T33-ASSET-OTH,MANY (T01+),MANY,MANY (repeats),2023,18010,6262,34.77,770,0,/Return/ReturnData/OtherAssetsSchedule/OtherAssetsScheduleGrp/Desc,124529
PF-P99-T33-ASSET-OTH,MANY (T01+),MANY,MANY (repeats),2024,16276,5689,34.95,785,0,/Return/ReturnData/OtherAssetsSchedule/OtherAssetsScheduleGrp/EOYBookValueAmt,114820
PF-P99-T34-NETASSET-CHANGE,MANY (T01+),MANY,not observed,,,,,,,,
PF-P99-T35-DECREASE-OTH,MANY (T01+),MANY,MANY (repeats),2023,32678,12505,38.27,37,0,/Return/ReturnData/OtherDecreasesSchedule/OtherDecreasesDetail/Amt,124529
PF-P99-T35-DECREASE-OTH,MANY (T01+),MANY,MANY (repeats),2024,31730,12110,38.17,35,0,/Return/ReturnData/OtherDecreasesSchedule/OtherDecreasesDetail/Desc,114820
PF-P99-T36-EXP-OTH,MANY (T01+),MANY,MANY (repeats),2023,83610,58136,69.53,899,0,/Return/ReturnData/OtherExpensesSchedule/OtherExpensesScheduleGrp/DisbursementsCharitablePrpsAmt,124529
PF-P99-T36-EXP-OTH,MANY (T01+),MANY,MANY (repeats),2024,76985,53611,69.64,2356,0,/Return/ReturnData/OtherExpensesSchedule/OtherExpensesScheduleGrp/AdjustedNetIncomeAmt,114820
PF-P99-T37-INCOME-OTH,MANY (T01+),MANY,MANY (repeats),2023,37886,11230,29.64,185,0,/Return/ReturnData/OtherIncomeSchedule2/OtherIncomeDetail/Desc,124529
PF-P99-T37-INCOME-OTH,MANY (T01+),MANY,MANY (repeats),2024,28148,9808,34.84,192,0,/Return/ReturnData/OtherIncomeSchedule2/OtherIncomeDetail/RevenueAndExpensesPerBooksAmt,114820
PF-P99-T38-INCREASE-OTH,MANY (T01+),MANY,MANY (repeats),2023,35630,8484,23.81,23,0,/Return/ReturnData/OtherIncreasesSchedule/OtherIncreasesDetail/Amt,124529
PF-P99-T38-INCREASE-OTH,MANY (T01+),MANY,MANY (repeats),2024,33243,8676,26.1,32,0,/Return/ReturnData/OtherIncreasesSchedule/OtherIncreasesDetail/Desc,114820
PF-P99-T39-LIAB-OTH,MANY (T01+),MANY,MANY (repeats),2023,11427,3154,27.6,168,0,/Return/ReturnData/OtherLiabilitiesSchedule/OtherLiabilitiesDetail/Desc,124529
PF-P99-T39-LIAB-OTH,MANY (T01+),MANY,MANY (repeats),2024,10543,2889,27.4,145,0,/Return/ReturnData/OtherLiabilitiesSchedule/OtherLiabilitiesDetail/Desc,114820
PF-P99-T40-NOTE-LOAN-OTH-LONG,MANY (T01+),MANY,MANY (repeats),2023,608,226,37.17,215,0,/Return/ReturnData/OtherNotesLoansRcvblLongSch/OtherNotesLoansRcvblLongGrp/BorrowerNameGrp/PersonNm,124529
PF-P99-T40-NOTE-LOAN-OTH-LONG,MANY (T01+),MANY,MANY (repeats),2024,548,206,37.59,93,0,/Return/ReturnData/OtherNotesLoansRcvblLongSch/OtherNotesLoansRcvblLongGrp/NoteDt,114820
PF-P99-T41-NOTE-LOAN-OTH-SHORT,MANY (T01+),MANY,MANY (repeats),2023,751,147,19.57,78,0,/Return/ReturnData/OtherNotesLoansRcvblShortSch2/OtherNotesLoansRcvblShortGrp/Organization501c3Name/BusinessNameLine1Txt,124529
PF-P99-T41-NOTE-LOAN-OTH-SHORT,MANY (T01+),MANY,MANY (repeats),2024,673,140,20.8,61,0,/Return/ReturnData/OtherNotesLoansRcvblShortSch2/OtherNotesLoansRcvblShortGrp/Organization501c3Name/BusinessNameLine1Txt,114820
PF-P99-T42-PROF-FEES-OTH,MANY (T01+),MANY,MANY (repeats),2023,41236,10987,26.64,645,0,/Return/ReturnData/OtherProfessionalFeesSchedule/OtherProfessionalFeesDetail/AdjustedNetIncomeAmt,124529
PF-P99-T42-PROF-FEES-OTH,MANY (T01+),MANY,MANY (repeats),2024,38757,10342,26.68,592,0,/Return/ReturnData/OtherProfessionalFeesSchedule/OtherProfessionalFeesDetail/Amt,114820
PF-P99-T43-OFF-OTH,MANY (T01+),MANY,MANY (repeats),2023,229,34,14.85,45,0,/Return/ReturnData/OtherReceivablesOfficersSch/OfficerOtherRcvblGrp/SecurityProvidedBorrowerTxt,124529
PF-P99-T43-OFF-OTH,MANY (T01+),MANY,MANY (repeats),2024,189,27,14.29,5,0,/Return/ReturnData/OtherReceivablesOfficersSch/OfficerOtherRcvblGrp/LenderConsiderationDesc,114820
PF-P99-T46-SALE-INV,MANY (T01+),MANY,MANY (repeats),2023,1085,149,13.73,15,0,/Return/ReturnData/SalesOfInventoryList/InventorySaleGrp/CostOfGoodsSoldAmt,124529
PF-P99-T46-SALE-INV,MANY (T01+),MANY,MANY (repeats),2024,952,139,14.6,11,0,/Return/ReturnData/SalesOfInventoryList/InventorySaleGrp/NetAmt,114820
PF-P99-T48-CONTRIBUTOR,MANY (T01+),MANY,MANY (repeats),2023,8271,2145,25.93,120,0,/Return/ReturnData/SubstantialContributorsSch/SubstantialContributorDetail/USAddress/StateAbbreviationCd,124529
PF-P99-T48-CONTRIBUTOR,MANY (T01+),MANY,MANY (repeats),2024,7713,2020,26.19,89,0,/Return/ReturnData/SubstantialContributorsSch/SubstantialContributorDetail/USAddress/StateAbbreviationCd,114820
PF-P99-T49-TAXES,MANY (T01+),MANY,MANY (repeats),2023,75537,43599,57.72,201,0,/Return/ReturnData/TaxesSchedule/TaxesDetail/Amt,124529
PF-P99-T49-TAXES,MANY (T01+),MANY,MANY (repeats),2024,71560,42349,59.18,198,0,/Return/ReturnData/TaxesSchedule/TaxesDetail/Amt,114820
PF-P99-T51-TRANSFER-FROM-CE,MANY (T01+),MANY,MANY (repeats),2023,202,59,29.21,21,0,/Return/ReturnData/TransfersFrmControlledEntities/TransfersFromControlledEntGrp/BusinessName/BusinessNameLine1Txt,124529
PF-P99-T51-TRANSFER-FROM-CE,MANY (T01+),MANY,MANY (repeats),2024,181,63,34.81,21,0,/Return/ReturnData/TransfersFrmControlledEntities/TransfersFromControlledEntGrp/BusinessName/BusinessNameLine1Txt,114820
PF-P99-T52-TRANSFER-TO-CE,MANY (T01+),MANY,MANY (repeats),2023,211,70,33.18,21,0,/Return/ReturnData/TransfersToControlledEntities/TransfersToControlledEntGrp/Amt,124529
PF-P99-T52-TRANSFER-TO-CE,MANY (T01+),MANY,MANY (repeats),2024,181,69,38.12,30,0,/Return/ReturnData/TransfersToControlledEntities/TransfersToControlledEntGrp/Amt,114820
SB-P00-T00-HEADER,ONE (T00),ONE,ONE (never repeats),2023,31645,0,0,1,0,/Return/ReturnData/IRS990ScheduleB/GeneralRuleInd,124529
SB-P00-T00-HEADER,ONE (T00),ONE,ONE (never repeats),2024,29676,0,0,1,0,/Return/ReturnData/IRS990ScheduleB/GeneralRuleInd,114820
SB-P01-T01-CONTRIBUTORS,MANY (T01+),MANY,MANY (repeats),2023,30521,9451,30.97,804,0,/Return/ReturnData/IRS990ScheduleB/ContributorInformationGrp/TotalContributionsAmt,124529
SB-P01-T01-CONTRIBUTORS,MANY (T01+),MANY,MANY (repeats),2024,28651,8952,31.24,529,0,/Return/ReturnData/IRS990ScheduleB/ContributorInformationGrp/ContributorUSAddress/AddressLine1Txt,114820
SB-P02-T01-NONCASH-PROPERTY,MANY (T01+),MANY,MANY (repeats),2023,7027,2576,36.66,806,0,/Return/ReturnData/IRS990ScheduleB/NonCashPropertyContributionGrp/ContributorNum,124529
SB-P02-T01-NONCASH-PROPERTY,MANY (T01+),MANY,MANY (repeats),2024,7246,2770,38.23,975,0,/Return/ReturnData/IRS990ScheduleB/NonCashPropertyContributionGrp/FairMarketValueAmt,114820
SB-P03-T00-EXCLUSIVELY-RELIGIOUS,ONE (T00),ONE,ONE (never repeats),2023,8,0,0,1,0,/Return/ReturnData/IRS990ScheduleB/TotalUnder1000ContributionsAmt,124529
SB-P03-T00-EXCLUSIVELY-RELIGIOUS,ONE (T00),ONE,ONE (never repeats),2024,5,0,0,1,0,/Return/ReturnData/IRS990ScheduleB/TotalUnder1000ContributionsAmt,114820
SB-P03-T01-EXCLUSIVELY-RELIGIOUS,MANY (T01+),MANY,MANY (repeats),2023,96,24,25,22,0,/Return/ReturnData/IRS990ScheduleB/CharitableContributionsDetail/GiftPurposeTxt,124529
SB-P03-T01-EXCLUSIVELY-RELIGIOUS,MANY (T01+),MANY,MANY (repeats),2024,87,23,26.44,29,0,/Return/ReturnData/IRS990ScheduleB/CharitableContributionsDetail/TransfereeUSAddress/AddressLine1Txt,114820
