table_id,named,declared,observed,filings,filings_repeat,max_per_filing,obs,name_ok,card_ok
PF-P00-T00-HEADER,ONE (T00),ONE,ONE (never repeats),124529,0,1,ONE,TRUE,TRUE
PF-P01-T00-REVENUE-EXPENSE,ONE (T00),ONE,ONE (never repeats),124529,0,1,ONE,TRUE,TRUE
PF-P02-T00-BALANCE-SHEET,ONE (T00),ONE,ONE (never repeats),124529,0,1,ONE,TRUE,TRUE
PF-P03-T00-NET-ASSET-FUND-BALANCE-CHANGE,ONE (T00),ONE,ONE (never repeats),121467,0,1,ONE,TRUE,TRUE
PF-P04-T00-INVEST-INCOME-TAX-CAPITAL-GAINLOSS,ONE (T00),ONE,ONE (never repeats),73338,0,1,ONE,TRUE,TRUE
PF-P04-T01-INVEST-INCOME-TAX-CAPITAL-GAINLOSS,MANY (T01+),MANY,MANY (repeats),68631,55441,12770,MANY,TRUE,TRUE
PF-P05-T00-NET-INVEST-INCOME-TAX-4940E,ONE (T00),ONE,not observed,-Inf,-Inf,-Inf,not,TRUE,TRUE
PF-P06-T00-INVEST-INCOME-EXCISE-TAX,ONE (T00),ONE,ONE (never repeats),123190,0,1,ONE,TRUE,TRUE
PF-P07-T00-ACTIVITIES,ONE (T00),ONE,ONE (never repeats),124528,0,1,ONE,TRUE,TRUE
PF-P07-T00-ACTIVITIES-4720,ONE (T00),ONE,ONE (never repeats),122529,0,1,ONE,TRUE,TRUE
PF-P08-T00-COMPENSATION-CONTRACTORS,ONE (T00),ONE,ONE (never repeats),110041,0,1,ONE,TRUE,TRUE
PF-P08-T00-COMPENSATION-HIGHEST,ONE (T00),ONE,ONE (never repeats),109784,0,1,ONE,TRUE,TRUE
PF-P08-T01-COMPENSATION,MANY (T01+),MANY,MANY (repeats),124529,90260,78,MANY,TRUE,TRUE
PF-P08-T02-COMPENSATION-HIGHEST,MANY (T01+),MANY,MANY (repeats),3047,1946,5,MANY,TRUE,TRUE
PF-P08-T03-COMPENSATION-CONTRACTORS,MANY (T01+),MANY,MANY (repeats),5473,2489,5,MANY,TRUE,TRUE
PF-P09-T00-PROG-RELATED-INVESTMENTS,ONE (T00),ONE,ONE (never repeats),49074,0,1,ONE,TRUE,TRUE
PF-P09-T01-CHARITABLE-ACTIVITIES,MANY (T01+),ONE,ONE (never repeats),36217,0,1,ONE,FALSE,TRUE
PF-P09-T02-PROG-RELATED-INVESTMENTS,MANY (T01+),ONE,ONE (never repeats),29172,0,1,ONE,FALSE,TRUE
PF-P10-T00-MINIMUM-INVESTMENT-RETURN,ONE (T00),ONE,ONE (never repeats),122141,0,1,ONE,TRUE,TRUE
PF-P11-T00-DISTRIBUTABLE-AMOUNT,ONE (T00),ONE,ONE (never repeats),124494,0,1,ONE,TRUE,TRUE
PF-P12-T00-QUALIFYING-DISTRIBUTIONS,ONE (T00),ONE,ONE (never repeats),124523,0,1,ONE,TRUE,TRUE
PF-P13-T00-UNDISTRIBUTED-INCOME,ONE (T00),ONE,ONE (never repeats),117397,0,1,ONE,TRUE,TRUE
PF-P14-T00-PRIVATE-OPERATING-FOUNDATIONS,ONE (T00),ONE,ONE (never repeats),13920,0,1,ONE,TRUE,TRUE
PF-P15-T00-SUPPLEMENTARY-INFO,ONE (T00),ONE,ONE (never repeats),98001,0,1,ONE,TRUE,TRUE
PF-P15-T00-SUPPLEMENTARY-INFO-GRANT-FUTURE,ONE (T00),ONE,ONE (never repeats),51683,0,1,ONE,TRUE,TRUE
PF-P15-T00-SUPPLEMENTARY-INFO-GRANT-PAID,ONE (T00),ONE,ONE (never repeats),105525,0,1,ONE,TRUE,TRUE
PF-P15-T01-SUPPLEMENTARY-INFO-GRANT-PAID,MANY (T01+),MANY,MANY (repeats),94700,71501,363675,MANY,TRUE,TRUE
PF-P15-T02-SUPPLEMENTARY-INFO-GRANT-FUTURE,MANY (T01+),MANY,MANY (repeats),2851,1930,1593,MANY,TRUE,TRUE
PF-P15-T03-SUPPLEMENTARY-INFO-GRANT-APP,MANY (T01+),MANY,MANY (repeats),29333,473,97,MANY,TRUE,TRUE
PF-P16-T00-INCOME-PRODUCING-ACTS,ONE (T00),ONE,ONE (never repeats),108661,0,1,ONE,TRUE,TRUE
PF-P16-T01-INCOME-PRODUCING-ACTS,MANY (T01+),MANY,MANY (repeats),9765,6591,20,MANY,TRUE,TRUE
PF-P16-T02-INCOME-PRODUCING-ACTS,MANY (T01+),MANY,MANY (repeats),30304,10785,20,MANY,TRUE,TRUE
PF-P16-T03-ACTS-RELATIONSHIP-EXEMPT-PURPOSE,MANY (T01+),MANY,MANY (repeats),16533,6440,48,MANY,TRUE,TRUE
PF-P17-T00-RELATIONSHIPS,ONE (T00),ONE,ONE (never repeats),123443,0,1,ONE,TRUE,TRUE
PF-P17-T00-TRANSFERS-TRANSACTIONS,ONE (T00),ONE,ONE (never repeats),123443,0,1,ONE,TRUE,TRUE
PF-P17-T01-TRANSFERS-TRANSACTIONS,MANY (T01+),MANY,MANY (repeats),873,222,21,MANY,TRUE,TRUE
PF-P17-T02-RELATIONSHIPS,MANY (T01+),MANY,MANY (repeats),1288,264,14,MANY,TRUE,TRUE
PF-P99-T00-AUXILLIARY,ONE (T00),ONE,ONE (never repeats),12283,0,1,ONE,TRUE,TRUE
PF-P99-T01-ACC-FEES,MANY (T01+),MANY,MANY (repeats),72012,2751,13,MANY,TRUE,TRUE
PF-P99-T03-PROG-INVEST-OTH,MANY (T01+),MANY,MANY (repeats),2633,109,33,MANY,TRUE,TRUE
PF-P99-T04-AMORTIZATION,MANY (T01+),MANY,MANY (repeats),620,175,508,MANY,TRUE,TRUE
PF-P99-T06-FUND-BORROWED,MANY (T01+),MANY,MANY (repeats),19,2,5,MANY,TRUE,TRUE
PF-P99-T09-COMP,MANY (T01+),MANY,MANY (repeats),1963,658,14,MANY,TRUE,TRUE
PF-P99-T10-COMP-KONTR,MANY (T01+),MANY,MANY (repeats),392,103,5,MANY,TRUE,TRUE
PF-P99-T11-DEPREC,MANY (T01+),MANY,MANY (repeats),7161,5387,1939,MANY,TRUE,TRUE
PF-P99-T12-DISSOLUTION,MANY (T01+),MANY,MANY (repeats),1328,284,107,MANY,TRUE,TRUE
PF-P99-T14-COMP-EMPL,MANY (T01+),MANY,MANY (repeats),57,12,5,MANY,TRUE,TRUE
PF-P99-T16-EXP-RESPONSIBILITY,MANY (T01+),MANY,MANY (repeats),2179,1059,1342,MANY,TRUE,TRUE
PF-P99-T19-SALE-NONPUB-SEC,MANY (T01+),MANY,not observed,-Inf,-Inf,-Inf,not,TRUE,TRUE
PF-P99-T20-SALE-OTH-ASSET,MANY (T01+),MANY,MANY (repeats),6615,4314,841,MANY,TRUE,TRUE
PF-P99-T21-SALE-PUB-SEC,MANY (T01+),MANY,not observed,-Inf,-Inf,-Inf,not,TRUE,TRUE
PF-P99-T22-SUPPLEMENTAL-INFO,MANY (T01+),MANY,MANY (repeats),6322,635,10,MANY,TRUE,TRUE
PF-P99-T23-INVEST-CORP-BOND,MANY (T01+),MANY,MANY (repeats),19461,10406,1993,MANY,TRUE,TRUE
PF-P99-T24-INVEST-CORP-STOCK,MANY (T01+),MANY,MANY (repeats),50396,29982,6199,MANY,TRUE,TRUE
PF-P99-T25-INVEST-GOVT-SEC,MANY (T01+),ONE,MANY (repeats),10151,32,23,MANY,TRUE,FALSE
PF-P99-T26-INVEST-LAND,MANY (T01+),MANY,MANY (repeats),1832,957,770,MANY,TRUE,TRUE
PF-P99-T27-INVEST-OTH,MANY (T01+),MANY,MANY (repeats),39980,25828,1946,MANY,TRUE,TRUE
PF-P99-T28-LAND-ETC,MANY (T01+),MANY,MANY (repeats),8357,4871,1612,MANY,TRUE,TRUE
PF-P99-T29-LEGAL-FEES,MANY (T01+),MANY,MANY (repeats),19075,1376,21,MANY,TRUE,TRUE
PF-P99-T31-LOAN-OFF,MANY (T01+),MANY,MANY (repeats),572,103,39,MANY,TRUE,TRUE
PF-P99-T32-MTG-NOTE,MANY (T01+),MANY,MANY (repeats),556,142,23,MANY,TRUE,TRUE
PF-P99-T33-ASSET-OTH,MANY (T01+),MANY,MANY (repeats),18010,6262,785,MANY,TRUE,TRUE
PF-P99-T34-NETASSET-CHANGE,MANY (T01+),MANY,not observed,-Inf,-Inf,-Inf,not,TRUE,TRUE
PF-P99-T35-DECREASE-OTH,MANY (T01+),MANY,MANY (repeats),32678,12505,37,MANY,TRUE,TRUE
PF-P99-T36-EXP-OTH,MANY (T01+),MANY,MANY (repeats),83610,58136,2356,MANY,TRUE,TRUE
PF-P99-T37-INCOME-OTH,MANY (T01+),MANY,MANY (repeats),37886,11230,192,MANY,TRUE,TRUE
PF-P99-T38-INCREASE-OTH,MANY (T01+),MANY,MANY (repeats),35630,8676,32,MANY,TRUE,TRUE
PF-P99-T39-LIAB-OTH,MANY (T01+),MANY,MANY (repeats),11427,3154,168,MANY,TRUE,TRUE
PF-P99-T40-NOTE-LOAN-OTH-LONG,MANY (T01+),MANY,MANY (repeats),608,226,215,MANY,TRUE,TRUE
PF-P99-T41-NOTE-LOAN-OTH-SHORT,MANY (T01+),MANY,MANY (repeats),751,147,78,MANY,TRUE,TRUE
PF-P99-T42-PROF-FEES-OTH,MANY (T01+),MANY,MANY (repeats),41236,10987,645,MANY,TRUE,TRUE
PF-P99-T43-OFF-OTH,MANY (T01+),MANY,MANY (repeats),229,34,45,MANY,TRUE,TRUE
PF-P99-T46-SALE-INV,MANY (T01+),MANY,MANY (repeats),1085,149,15,MANY,TRUE,TRUE
PF-P99-T48-CONTRIBUTOR,MANY (T01+),MANY,MANY (repeats),8271,2145,120,MANY,TRUE,TRUE
PF-P99-T49-TAXES,MANY (T01+),MANY,MANY (repeats),75537,43599,201,MANY,TRUE,TRUE
PF-P99-T51-TRANSFER-FROM-CE,MANY (T01+),MANY,MANY (repeats),202,63,21,MANY,TRUE,TRUE
PF-P99-T52-TRANSFER-TO-CE,MANY (T01+),MANY,MANY (repeats),211,70,30,MANY,TRUE,TRUE
SB-P00-T00-HEADER,ONE (T00),ONE,ONE (never repeats),31645,0,1,ONE,TRUE,TRUE
SB-P01-T01-CONTRIBUTORS,MANY (T01+),MANY,MANY (repeats),30521,9451,804,MANY,TRUE,TRUE
SB-P02-T01-NONCASH-PROPERTY,MANY (T01+),MANY,MANY (repeats),7246,2770,975,MANY,TRUE,TRUE
SB-P03-T00-EXCLUSIVELY-RELIGIOUS,ONE (T00),ONE,ONE (never repeats),8,0,1,ONE,TRUE,TRUE
SB-P03-T01-EXCLUSIVELY-RELIGIOUS,MANY (T01+),MANY,MANY (repeats),96,24,29,MANY,TRUE,TRUE
