xpath,description
/Return/ReturnData/IRS990PF/ExciseTaxBasedOnInvstIncmGrp/AppliedToEsTaxAmt,Excise Tax Based On Invst Incm Grp - AppliedToEsTaxAmt
/Return/ReturnData/IRS990PF/ExciseTaxBasedOnInvestmentIncm/OriginalReturnOverpayment,Original Return Overpayment
/Return/ReturnData/IRS990PF/ExciseTaxBasedOnInvstIncmGrp/OriginalReturnOverpaymentAmt,Original Return Overpayment
/Return/ReturnData/IRS990PF/ExciseTaxBasedOnInvestmentIncm/TaxPaidOriginalReturn,Tax Paid with the Original Return
/Return/ReturnData/IRS990PF/ExciseTaxBasedOnInvstIncmGrp/OriginalReturnTaxPaidAmt,Tax Paid with the Original Return
/Return/ReturnData/IRS990PF/StatementsRegardingActivities/BindingWrittenContract,Did the foundation have a binding written contract in effect covering the interest; rents; royalties and annuities described in the attachment for line 11a?
/Return/ReturnData/IRS990PF/StatementsRegardingActivities/ApplicableInsuranceContract,Did Ihe organization acquire a direct or indirect interest in any applicable insurance contract?
/Return/ReturnData/IRS990PF/StatementsRegardingActy4720/UndistrIncome4942a2NotAppYear1,Undistributed Income 4942(a)(2) Not Applied Year 1
/Return/ReturnData/IRS990PF/StatementsRegardingActy4720/UndistrIncome4942a2NotAppYear2,Undistributed Income 4942(a)(2) Not Applied Year 2
/Return/ReturnData/IRS990PF/StatementsRegardingActy4720/UndistrIncome4942a2NotAppYear3,Undistributed Income 4942(a)(2) Not Applied Year 3
/Return/ReturnData/IRS990PF/StatementsRegardingActy4720/UndistrIncome4942a2NotAppYear4,Undistributed Income 4942(a)(2) Not Applied Year 4
/Return/ReturnData/IRS990PF/SpecialConditionDesc,Special condition description
/Return/ReturnData/IRS990PF/SpecialConditionDescription,Special condition description
