xpath,built_variable,built_table,built_rel,variable_name,rdb_table,rdb_relationship,release,built_from
/Return/ReturnData/IRS990ScheduleB/CharitableContributions/ContributorNumberFromPartI,,,,SB_03_CONTRIBUTOR_NUM,SB-P03-T01-EXCLUSIVELY-RELIGIOUS,MANY,efile_v2_3,3af11bb
/Return/ReturnData/IRS990ScheduleB/CharitableContributions/DescriptionOfHowGiftIsHeld,,,,SB_03_GIFT_HOW_HELD,SB-P03-T01-EXCLUSIVELY-RELIGIOUS,MANY,efile_v2_3,3af11bb
/Return/ReturnData/IRS990ScheduleB/CharitableContributions/PurposeOfGift,,,,SB_03_GIFT_PURPOSE,SB-P03-T01-EXCLUSIVELY-RELIGIOUS,MANY,efile_v2_3,3af11bb
/Return/ReturnData/IRS990ScheduleB/CharitableContributions/RlnOfTransferorToTransferee,,,,SB_03_TRANSFEREE_RELATIONSHIP,SB-P03-T01-EXCLUSIVELY-RELIGIOUS,MANY,efile_v2_3,3af11bb
/Return/ReturnData/IRS990ScheduleB/CharitableContributions/TransfereeAddressForeign/AddressLine1,,,,SB_03_TRANSFEREE_ADDR_L1,SB-P03-T01-EXCLUSIVELY-RELIGIOUS,MANY,efile_v2_3,3af11bb
/Return/ReturnData/IRS990ScheduleB/CharitableContributions/TransfereeAddressForeign/City,,,,SB_03_TRANSFEREE_ADDR_CITY,SB-P03-T01-EXCLUSIVELY-RELIGIOUS,MANY,efile_v2_3,3af11bb
/Return/ReturnData/IRS990ScheduleB/CharitableContributions/TransfereeAddressForeign/Country,,,,SB_03_TRANSFEREE_ADDR_CNTR,SB-P03-T01-EXCLUSIVELY-RELIGIOUS,MANY,efile_v2_3,3af11bb
/Return/ReturnData/IRS990ScheduleB/CharitableContributions/TransfereeAddressForeign/ProvinceOrState,,,,SB_03_TRANSFEREE_ADDR_STATE,SB-P03-T01-EXCLUSIVELY-RELIGIOUS,MANY,efile_v2_3,3af11bb
/Return/ReturnData/IRS990ScheduleB/CharitableContributions/TransfereeAddressUS/AddressLine1,,,,SB_03_TRANSFEREE_ADDR_L1,SB-P03-T01-EXCLUSIVELY-RELIGIOUS,MANY,efile_v2_3,3af11bb
/Return/ReturnData/IRS990ScheduleB/CharitableContributions/TransfereeAddressUS/City,,,,SB_03_TRANSFEREE_ADDR_CITY,SB-P03-T01-EXCLUSIVELY-RELIGIOUS,MANY,efile_v2_3,3af11bb
/Return/ReturnData/IRS990ScheduleB/CharitableContributions/TransfereeAddressUS/State,,,,SB_03_TRANSFEREE_ADDR_STATE,SB-P03-T01-EXCLUSIVELY-RELIGIOUS,MANY,efile_v2_3,3af11bb
/Return/ReturnData/IRS990ScheduleB/CharitableContributions/TransfereeAddressUS/ZIPCode,,,,SB_03_TRANSFEREE_ADDR_ZIP,SB-P03-T01-EXCLUSIVELY-RELIGIOUS,MANY,efile_v2_3,3af11bb
/Return/ReturnData/IRS990ScheduleB/CharitableContributions/TransfereeNameBusiness/BusinessNameLine1,,,,SB_03_TRANSFEREE_NAME_ORG_L1,SB-P03-T01-EXCLUSIVELY-RELIGIOUS,MANY,efile_v2_3,3af11bb
/Return/ReturnData/IRS990ScheduleB/CharitableContributions/TransfereeNameIndividual,,,,SB_03_TRANSFEREE_NAME_PERS,SB-P03-T01-EXCLUSIVELY-RELIGIOUS,MANY,efile_v2_3,3af11bb
/Return/ReturnData/IRS990ScheduleB/CharitableContributions/UseOfGift,,,,SB_03_GIFT_USE,SB-P03-T01-EXCLUSIVELY-RELIGIOUS,MANY,efile_v2_3,3af11bb
/Return/ReturnData/IRS990ScheduleB/CharitableContributionsDetail/TransfereeForeignAddress/AddressLine1,,,,SB_03_TRANSFEREE_ADDR_L1,SB-P03-T01-EXCLUSIVELY-RELIGIOUS,MANY,efile_v2_3,3af11bb
/Return/ReturnData/IRS990ScheduleB/CharitableContributionsDetail/TransfereeForeignAddress/City,,,,SB_03_TRANSFEREE_ADDR_CITY,SB-P03-T01-EXCLUSIVELY-RELIGIOUS,MANY,efile_v2_3,3af11bb
/Return/ReturnData/IRS990ScheduleB/CharitableContributionsDetail/TransfereeForeignAddress/Country,,,,SB_03_TRANSFEREE_ADDR_CNTR,SB-P03-T01-EXCLUSIVELY-RELIGIOUS,MANY,efile_v2_3,3af11bb
/Return/ReturnData/IRS990ScheduleB/CharitableContributionsDetail/TransfereeNameBusiness/BusinessNameLine1,,,,SB_03_TRANSFEREE_NAME_ORG_L1,SB-P03-T01-EXCLUSIVELY-RELIGIOUS,MANY,efile_v2_3,3af11bb
/Return/ReturnData/IRS990ScheduleB/CharitableContributionsDetail/TransfereeUSAddress/AddressLine1,,,,SB_03_TRANSFEREE_ADDR_L1,SB-P03-T01-EXCLUSIVELY-RELIGIOUS,MANY,efile_v2_3,3af11bb
/Return/ReturnData/IRS990ScheduleB/CharitableContributionsDetail/TransfereeUSAddress/City,,,,SB_03_TRANSFEREE_ADDR_CITY,SB-P03-T01-EXCLUSIVELY-RELIGIOUS,MANY,efile_v2_3,3af11bb
/Return/ReturnData/IRS990ScheduleB/CharitableContributionsDetail/TransfereeUSAddress/State,,,,SB_03_TRANSFEREE_ADDR_STATE,SB-P03-T01-EXCLUSIVELY-RELIGIOUS,MANY,efile_v2_3,3af11bb
/Return/ReturnData/IRS990ScheduleB/CharitableContributionsDetail/TransfereeUSAddress/ZIPCode,,,,SB_03_TRANSFEREE_ADDR_ZIP,SB-P03-T01-EXCLUSIVELY-RELIGIOUS,MANY,efile_v2_3,3af11bb
/Return/ReturnData/IRS990ScheduleB/ContributorInfo/ContributorAddressForeign/AddressLine1,,,,SB_01_CONTRIBUTOR_ADDR_L1,SB-P01-T01-CONTRIBUTORS,MANY,efile_v2_3,3af11bb
/Return/ReturnData/IRS990ScheduleB/ContributorInfo/ContributorAddressForeign/AddressLine2,,,,SB_01_CONTRIBUTOR_ADDR_L2,SB-P01-T01-CONTRIBUTORS,MANY,efile_v2_3,3af11bb
/Return/ReturnData/IRS990ScheduleB/ContributorInfo/ContributorAddressForeign/City,,,,SB_01_CONTRIBUTOR_ADDR_CITY,SB-P01-T01-CONTRIBUTORS,MANY,efile_v2_3,3af11bb
/Return/ReturnData/IRS990ScheduleB/ContributorInfo/ContributorAddressForeign/Country,,,,SB_01_CONTRIBUTOR_ADDR_CNTR,SB-P01-T01-CONTRIBUTORS,MANY,efile_v2_3,3af11bb
/Return/ReturnData/IRS990ScheduleB/ContributorInfo/ContributorAddressForeign/PostalCode,,,,SB_01_CONTRIBUTOR_ADDR_ZIP,SB-P01-T01-CONTRIBUTORS,MANY,efile_v2_3,3af11bb
/Return/ReturnData/IRS990ScheduleB/ContributorInfo/ContributorAddressForeign/ProvinceOrState,,,,SB_01_CONTRIBUTOR_ADDR_STATE,SB-P01-T01-CONTRIBUTORS,MANY,efile_v2_3,3af11bb
/Return/ReturnData/IRS990ScheduleB/ContributorInfo/ContributorNameBusiness/BusinessNameLine2,,,,SB_01_CONTRIBUTOR_NAME_L2,SB-P01-T01-CONTRIBUTORS,MANY,efile_v2_3,3af11bb
/Return/ReturnData/IRS990ScheduleB/ContributorInfo/ContributorNameIndividual,,,,SB_01_CONTRIBUTOR_NAME_PERS,SB-P01-T01-CONTRIBUTORS,MANY,efile_v2_3,3af11bb
/Return/ReturnData/IRS990ScheduleB/ContributorInfo/NoncashContributionType,,,,SB_01_CONTRIBUTOR_TYPE_NONCASH_X,SB-P01-T01-CONTRIBUTORS,MANY,efile_v2_3,3af11bb
/Return/ReturnData/IRS990ScheduleB/ContributorInfo/PayrollContributionType,,,,SB_01_CONTRIBUTOR_TYPE_PAYROLL_X,SB-P01-T01-CONTRIBUTORS,MANY,efile_v2_3,3af11bb
/Return/ReturnData/IRS990ScheduleB/ContributorInfo/PersonContributionType,,,,SB_01_CONTRIBUTOR_TYPE_PERSON_X,SB-P01-T01-CONTRIBUTORS,MANY,efile_v2_3,3af11bb
/Return/ReturnData/IRS990ScheduleB/ContributorInformationGrp/ContributorBusinessName/BusinessNameLine2,,,,SB_01_CONTRIBUTOR_NAME_L2,SB-P01-T01-CONTRIBUTORS,MANY,efile_v2_3,3af11bb
/Return/ReturnData/IRS990ScheduleB/ContributorInformationGrp/ContributorForeignAddress/AddressLine1,,,,SB_01_CONTRIBUTOR_ADDR_L1,SB-P01-T01-CONTRIBUTORS,MANY,efile_v2_3,3af11bb
/Return/ReturnData/IRS990ScheduleB/ContributorInformationGrp/ContributorForeignAddress/AddressLine2,,,,SB_01_CONTRIBUTOR_ADDR_L2,SB-P01-T01-CONTRIBUTORS,MANY,efile_v2_3,3af11bb
/Return/ReturnData/IRS990ScheduleB/ContributorInformationGrp/ContributorForeignAddress/City,,,,SB_01_CONTRIBUTOR_ADDR_CITY,SB-P01-T01-CONTRIBUTORS,MANY,efile_v2_3,3af11bb
/Return/ReturnData/IRS990ScheduleB/ContributorInformationGrp/ContributorForeignAddress/Country,,,,SB_01_CONTRIBUTOR_ADDR_CNTR,SB-P01-T01-CONTRIBUTORS,MANY,efile_v2_3,3af11bb
/Return/ReturnData/IRS990ScheduleB/ContributorInformationGrp/ContributorForeignAddress/PostalCode,,,,SB_01_CONTRIBUTOR_ADDR_ZIP,SB-P01-T01-CONTRIBUTORS,MANY,efile_v2_3,3af11bb
/Return/ReturnData/IRS990ScheduleB/ContributorInformationGrp/ContributorForeignAddress/ProvinceOrState,,,,SB_01_CONTRIBUTOR_ADDR_STATE,SB-P01-T01-CONTRIBUTORS,MANY,efile_v2_3,3af11bb
/Return/ReturnData/IRS990ScheduleB/GeneralRule,,,,SB_00_GENERAL_RULE_X,SB-P00-T00-HEADER,ONE,efile_v2_3,3af11bb
/Return/ReturnData/IRS990ScheduleB/NoncashProperty/ContributorNumberFromPartI,,,,SB_02_NONCASH_CONTRIBUTOR_NUM,SB-P02-T01-NONCASH-PROPERTY,MANY,efile_v2_3,3af11bb
/Return/ReturnData/IRS990ScheduleB/NoncashProperty/DateReceived,,,,SB_02_NONCASH_DATE_RECEIVED,SB-P02-T01-NONCASH-PROPERTY,MANY,efile_v2_3,3af11bb
/Return/ReturnData/IRS990ScheduleB/NoncashProperty/FairMarketValue,,,,SB_02_NONCASH_PROP_FMV,SB-P02-T01-NONCASH-PROPERTY,MANY,efile_v2_3,3af11bb
/Return/ReturnData/IRS990ScheduleB/NoncashProperty/NoncashPropertyDescription,,,,SB_02_NONCASH_PROP_DESC,SB-P02-T01-NONCASH-PROPERTY,MANY,efile_v2_3,3af11bb
/Return/ReturnData/IRS990ScheduleB/Organization4947a1TreatedAsPF,,,,SB_00_ORG_TYPE_4947A1_PF_X,SB-P00-T00-HEADER,ONE,efile_v2_3,3af11bb
/Return/ReturnData/IRS990ScheduleB/Organization501c,,,,SB_00_ORG_TYPE_501C_X,SB-P00-T00-HEADER,ONE,efile_v2_3,3af11bb
/Return/ReturnData/IRS990ScheduleB/Organization501c3ExemptPF,,,,SB_00_ORG_TYPE_501C3_EXEMPT_PF_X,SB-P00-T00-HEADER,ONE,efile_v2_3,3af11bb
/Return/ReturnData/IRS990ScheduleB/Organization501c3TaxablePF,,,,SB_00_ORG_TYPE_501C3_TAX_PF_X,SB-P00-T00-HEADER,ONE,efile_v2_3,3af11bb
/Return/ReturnData/IRS990ScheduleB/SpclRuleMetOneThirdSuprtTest,,,,SB_00_SPECIAL_RULE_33PCT_X,SB-P00-T00-HEADER,ONE,efile_v2_3,3af11bb
/Return/ReturnData/IRS990ScheduleB/TotalUnder1000Contributions,,,,SB_03_CONTR_UNDER_1000_TOT,SB-P03-T00-EXCLUSIVELY-RELIGIOUS,ONE,efile_v2_3,3af11bb
/Return/ReturnData/IRS990ScheduleD/CloselyHeldEquityInterests/BookValue,SD_07_INVEST_SEC_EQ_INT_BV,SD-P07-T01-INVESTMENTS-OTH-EQUITY,ONE,SD_07_INVEST_SEC_EQ_INT_BV,SD-P07-T00-INVESTMENTS-OTH-EQUITY,ONE,efile_v2_3,3af11bb
/Return/ReturnData/IRS990ScheduleD/CloselyHeldEquityInterests/MethodOfValuation,SD_07_INVEST_SEC_EQ_INT_MOV,SD-P07-T01-INVESTMENTS-OTH-EQUITY,ONE,SD_07_INVEST_SEC_EQ_INT_MOV,SD-P07-T00-INVESTMENTS-OTH-EQUITY,ONE,efile_v2_3,3af11bb
/Return/ReturnData/IRS990ScheduleD/CloselyHeldEquityInterestsGrp/BookValueAmt,SD_07_INVEST_SEC_EQ_INT_BV,SD-P07-T01-INVESTMENTS-OTH-EQUITY,ONE,SD_07_INVEST_SEC_EQ_INT_BV,SD-P07-T00-INVESTMENTS-OTH-EQUITY,ONE,efile_v2_3,3af11bb
/Return/ReturnData/IRS990ScheduleD/CloselyHeldEquityInterestsGrp/MethodValuationCd,SD_07_INVEST_SEC_EQ_INT_MOV,SD-P07-T01-INVESTMENTS-OTH-EQUITY,ONE,SD_07_INVEST_SEC_EQ_INT_MOV,SD-P07-T00-INVESTMENTS-OTH-EQUITY,ONE,efile_v2_3,3af11bb
/Return/ReturnData/IRS990ScheduleD/FinancialDerivatives/BookValue,SD_07_INVEST_SEC_DERIVATIVE_BV,SD-P07-T01-INVESTMENTS-OTH-DERIVATIVES,ONE,SD_07_INVEST_SEC_DERIVATIVE_BV,SD-P07-T00-INVESTMENTS-OTH-DERIVATIVES,ONE,efile_v2_3,3af11bb
/Return/ReturnData/IRS990ScheduleD/FinancialDerivatives/MethodOfValuation,SD_07_INVEST_SEC_DERIVATIVE_MOV,SD-P07-T01-INVESTMENTS-OTH-DERIVATIVES,ONE,SD_07_INVEST_SEC_DERIVATIVE_MOV,SD-P07-T00-INVESTMENTS-OTH-DERIVATIVES,ONE,efile_v2_3,3af11bb
/Return/ReturnData/IRS990ScheduleD/FinancialDerivativesGrp/BookValueAmt,SD_07_INVEST_SEC_DERIVATIVE_BV,SD-P07-T01-INVESTMENTS-OTH-DERIVATIVES,ONE,SD_07_INVEST_SEC_DERIVATIVE_BV,SD-P07-T00-INVESTMENTS-OTH-DERIVATIVES,ONE,efile_v2_3,3af11bb
/Return/ReturnData/IRS990ScheduleD/FinancialDerivativesGrp/MethodValuationCd,SD_07_INVEST_SEC_DERIVATIVE_MOV,SD-P07-T01-INVESTMENTS-OTH-DERIVATIVES,ONE,SD_07_INVEST_SEC_DERIVATIVE_MOV,SD-P07-T00-INVESTMENTS-OTH-DERIVATIVES,ONE,efile_v2_3,3af11bb
/Return/ReturnData/IRS990ScheduleD/Form990ScheduleDPartVII/CloselyHeldEquityInterests/BookValue,SD_07_INVEST_SEC_EQ_INT_BV,SD-P07-T01-INVESTMENTS-OTH-EQUITY,ONE,SD_07_INVEST_SEC_EQ_INT_BV,SD-P07-T00-INVESTMENTS-OTH-EQUITY,ONE,efile_v2_3,3af11bb
/Return/ReturnData/IRS990ScheduleD/Form990ScheduleDPartVII/CloselyHeldEquityInterests/MethodOfValuation,SD_07_INVEST_SEC_EQ_INT_MOV,SD-P07-T01-INVESTMENTS-OTH-EQUITY,ONE,SD_07_INVEST_SEC_EQ_INT_MOV,SD-P07-T00-INVESTMENTS-OTH-EQUITY,ONE,efile_v2_3,3af11bb
/Return/ReturnData/IRS990ScheduleD/Form990ScheduleDPartVII/FinancialDerivatives/BookValue,SD_07_INVEST_SEC_DERIVATIVE_BV,SD-P07-T01-INVESTMENTS-OTH-DERIVATIVES,ONE,SD_07_INVEST_SEC_DERIVATIVE_BV,SD-P07-T00-INVESTMENTS-OTH-DERIVATIVES,ONE,efile_v2_3,3af11bb
/Return/ReturnData/IRS990ScheduleD/Form990ScheduleDPartVII/FinancialDerivatives/MethodOfValuation,SD_07_INVEST_SEC_DERIVATIVE_MOV,SD-P07-T01-INVESTMENTS-OTH-DERIVATIVES,ONE,SD_07_INVEST_SEC_DERIVATIVE_MOV,SD-P07-T00-INVESTMENTS-OTH-DERIVATIVES,ONE,efile_v2_3,3af11bb
/Return/ReturnData/IRS990ScheduleG/EventsInformation/CashPrizesEvent1,SG_02_FUNDR_EVNT_EXP_CASH_1,SG-P02-T01-FUNDRAISING-EVENTS,ONE,SG_02_FUNDR_EVNT_EXP_CASH_1,SG-P02-T00-FUNDRAISING-EVENTS,ONE,efile_v2_3,3af11bb
/Return/ReturnData/IRS990ScheduleG/EventsInformation/CashPrizesEvent2,SG_02_FUNDR_EVNT_EXP_CASH_2,SG-P02-T01-FUNDRAISING-EVENTS,ONE,SG_02_FUNDR_EVNT_EXP_CASH_2,SG-P02-T00-FUNDRAISING-EVENTS,ONE,efile_v2_3,3af11bb
/Return/ReturnData/IRS990ScheduleG/EventsInformation/CashPrizesOtherEvents,SG_02_FUNDR_EVNT_EXP_CASH_OTH,SG-P02-T01-FUNDRAISING-EVENTS,ONE,SG_02_FUNDR_EVNT_EXP_CASH_OTH,SG-P02-T00-FUNDRAISING-EVENTS,ONE,efile_v2_3,3af11bb
/Return/ReturnData/IRS990ScheduleG/EventsInformation/CharitableContribOtherEvents,SG_02_FUNDR_EVNT_REV_CONTR_OTH,SG-P02-T01-FUNDRAISING-EVENTS,ONE,SG_02_FUNDR_EVNT_REV_CONTR_OTH,SG-P02-T00-FUNDRAISING-EVENTS,ONE,efile_v2_3,3af11bb
/Return/ReturnData/IRS990ScheduleG/EventsInformation/CharitableContributionsEvent1,SG_02_FUNDR_EVNT_REV_CONTR_1,SG-P02-T01-FUNDRAISING-EVENTS,ONE,SG_02_FUNDR_EVNT_REV_CONTR_1,SG-P02-T00-FUNDRAISING-EVENTS,ONE,efile_v2_3,3af11bb
/Return/ReturnData/IRS990ScheduleG/EventsInformation/CharitableContributionsEvent2,SG_02_FUNDR_EVNT_REV_CONTR_2,SG-P02-T01-FUNDRAISING-EVENTS,ONE,SG_02_FUNDR_EVNT_REV_CONTR_2,SG-P02-T00-FUNDRAISING-EVENTS,ONE,efile_v2_3,3af11bb
/Return/ReturnData/IRS990ScheduleG/EventsInformation/EntertainmentEvent1,SG_02_FUNDR_EVNT_EXP_ENTMT_1,SG-P02-T01-FUNDRAISING-EVENTS,ONE,SG_02_FUNDR_EVNT_EXP_ENTMT_1,SG-P02-T00-FUNDRAISING-EVENTS,ONE,efile_v2_3,3af11bb
/Return/ReturnData/IRS990ScheduleG/EventsInformation/EntertainmentEvent2,SG_02_FUNDR_EVNT_EXP_ENTMT_2,SG-P02-T01-FUNDRAISING-EVENTS,ONE,SG_02_FUNDR_EVNT_EXP_ENTMT_2,SG-P02-T00-FUNDRAISING-EVENTS,ONE,efile_v2_3,3af11bb
/Return/ReturnData/IRS990ScheduleG/EventsInformation/EntertainmentOtherEvents,SG_02_FUNDR_EVNT_EXP_ENTMT_OTH,SG-P02-T01-FUNDRAISING-EVENTS,ONE,SG_02_FUNDR_EVNT_EXP_ENTMT_OTH,SG-P02-T00-FUNDRAISING-EVENTS,ONE,efile_v2_3,3af11bb
/Return/ReturnData/IRS990ScheduleG/EventsInformation/FoodAndBeverageEvent1,SG_02_FUNDR_EVNT_EXP_FOOD_1,SG-P02-T01-FUNDRAISING-EVENTS,ONE,SG_02_FUNDR_EVNT_EXP_FOOD_1,SG-P02-T00-FUNDRAISING-EVENTS,ONE,efile_v2_3,3af11bb
/Return/ReturnData/IRS990ScheduleG/EventsInformation/FoodAndBeverageEvent2,SG_02_FUNDR_EVNT_EXP_FOOD_2,SG-P02-T01-FUNDRAISING-EVENTS,ONE,SG_02_FUNDR_EVNT_EXP_FOOD_2,SG-P02-T00-FUNDRAISING-EVENTS,ONE,efile_v2_3,3af11bb
/Return/ReturnData/IRS990ScheduleG/EventsInformation/FoodAndBeverageOtherEvents,SG_02_FUNDR_EVNT_EXP_FOOD_OTH,SG-P02-T01-FUNDRAISING-EVENTS,ONE,SG_02_FUNDR_EVNT_EXP_FOOD_OTH,SG-P02-T00-FUNDRAISING-EVENTS,ONE,efile_v2_3,3af11bb
/Return/ReturnData/IRS990ScheduleG/EventsInformation/GrossReceiptsEvent1,SG_02_FUNDR_EVNT_REV_GRORCPT_1,SG-P02-T01-FUNDRAISING-EVENTS,ONE,SG_02_FUNDR_EVNT_REV_GRORCPT_1,SG-P02-T00-FUNDRAISING-EVENTS,ONE,efile_v2_3,3af11bb
/Return/ReturnData/IRS990ScheduleG/EventsInformation/GrossReceiptsEvent2,SG_02_FUNDR_EVNT_REV_GRORCPT_2,SG-P02-T01-FUNDRAISING-EVENTS,ONE,SG_02_FUNDR_EVNT_REV_GRORCPT_2,SG-P02-T00-FUNDRAISING-EVENTS,ONE,efile_v2_3,3af11bb
/Return/ReturnData/IRS990ScheduleG/EventsInformation/GrossReceiptsOtherEvents,SG_02_FUNDR_EVNT_REV_GRORCPT_OTH,SG-P02-T01-FUNDRAISING-EVENTS,ONE,SG_02_FUNDR_EVNT_REV_GRORCPT_OTH,SG-P02-T00-FUNDRAISING-EVENTS,ONE,efile_v2_3,3af11bb
/Return/ReturnData/IRS990ScheduleG/EventsInformation/GrossRevenueEvent1,SG_02_FUNDR_EVNT_REV_GRO_1,SG-P02-T01-FUNDRAISING-EVENTS,ONE,SG_02_FUNDR_EVNT_REV_GRO_1,SG-P02-T00-FUNDRAISING-EVENTS,ONE,efile_v2_3,3af11bb
/Return/ReturnData/IRS990ScheduleG/EventsInformation/GrossRevenueEvent2,SG_02_FUNDR_EVNT_REV_GRO_2,SG-P02-T01-FUNDRAISING-EVENTS,ONE,SG_02_FUNDR_EVNT_REV_GRO_2,SG-P02-T00-FUNDRAISING-EVENTS,ONE,efile_v2_3,3af11bb
/Return/ReturnData/IRS990ScheduleG/EventsInformation/GrossRevenueOtherEvents,SG_02_FUNDR_EVNT_REV_GRO_OTH,SG-P02-T01-FUNDRAISING-EVENTS,ONE,SG_02_FUNDR_EVNT_REV_GRO_OTH,SG-P02-T00-FUNDRAISING-EVENTS,ONE,efile_v2_3,3af11bb
/Return/ReturnData/IRS990ScheduleG/EventsInformation/NameOfEvent1,SG_02_FUNDR_EVNT_1_NAME,SG-P02-T01-FUNDRAISING-EVENTS,ONE,SG_02_FUNDR_EVNT_1_NAME,SG-P02-T00-FUNDRAISING-EVENTS,ONE,efile_v2_3,3af11bb
/Return/ReturnData/IRS990ScheduleG/EventsInformation/NameOfEvent2,SG_02_FUNDR_EVNT_2_NAME,SG-P02-T01-FUNDRAISING-EVENTS,ONE,SG_02_FUNDR_EVNT_2_NAME,SG-P02-T00-FUNDRAISING-EVENTS,ONE,efile_v2_3,3af11bb
/Return/ReturnData/IRS990ScheduleG/EventsInformation/NonCashPrizesEvent1,SG_02_FUNDR_EVNT_EXP_NONCSH_1,SG-P02-T01-FUNDRAISING-EVENTS,ONE,SG_02_FUNDR_EVNT_EXP_NONCSH_1,SG-P02-T00-FUNDRAISING-EVENTS,ONE,efile_v2_3,3af11bb
/Return/ReturnData/IRS990ScheduleG/EventsInformation/NonCashPrizesEvent2,SG_02_FUNDR_EVNT_EXP_NONCSH_2,SG-P02-T01-FUNDRAISING-EVENTS,ONE,SG_02_FUNDR_EVNT_EXP_NONCSH_2,SG-P02-T00-FUNDRAISING-EVENTS,ONE,efile_v2_3,3af11bb
/Return/ReturnData/IRS990ScheduleG/EventsInformation/NonCashPrizesOtherEvents,SG_02_FUNDR_EVNT_EXP_NONCSH_OTH,SG-P02-T01-FUNDRAISING-EVENTS,ONE,SG_02_FUNDR_EVNT_EXP_NONCSH_OTH,SG-P02-T00-FUNDRAISING-EVENTS,ONE,efile_v2_3,3af11bb
/Return/ReturnData/IRS990ScheduleG/EventsInformation/OtherDirectExpensesEvent1,SG_02_FUNDR_EVNT_EXP_OTH_1,SG-P02-T01-FUNDRAISING-EVENTS,ONE,SG_02_FUNDR_EVNT_EXP_OTH_1,SG-P02-T00-FUNDRAISING-EVENTS,ONE,efile_v2_3,3af11bb
/Return/ReturnData/IRS990ScheduleG/EventsInformation/OtherDirectExpensesEvent2,SG_02_FUNDR_EVNT_EXP_OTH_2,SG-P02-T01-FUNDRAISING-EVENTS,ONE,SG_02_FUNDR_EVNT_EXP_OTH_2,SG-P02-T00-FUNDRAISING-EVENTS,ONE,efile_v2_3,3af11bb
/Return/ReturnData/IRS990ScheduleG/EventsInformation/OtherDirectExpensesOtherEvents,SG_02_FUNDR_EVNT_EXP_OTH_OTH,SG-P02-T01-FUNDRAISING-EVENTS,ONE,SG_02_FUNDR_EVNT_EXP_OTH_OTH,SG-P02-T00-FUNDRAISING-EVENTS,ONE,efile_v2_3,3af11bb
/Return/ReturnData/IRS990ScheduleG/EventsInformation/RentFacilityCostsEvent1,SG_02_FUNDR_EVNT_EXP_RENT_1,SG-P02-T01-FUNDRAISING-EVENTS,ONE,SG_02_FUNDR_EVNT_EXP_RENT_1,SG-P02-T00-FUNDRAISING-EVENTS,ONE,efile_v2_3,3af11bb
/Return/ReturnData/IRS990ScheduleG/EventsInformation/RentFacilityCostsEvent2,SG_02_FUNDR_EVNT_EXP_RENT_2,SG-P02-T01-FUNDRAISING-EVENTS,ONE,SG_02_FUNDR_EVNT_EXP_RENT_2,SG-P02-T00-FUNDRAISING-EVENTS,ONE,efile_v2_3,3af11bb
/Return/ReturnData/IRS990ScheduleG/EventsInformation/RentFacilityCostsOtherEvents,SG_02_FUNDR_EVNT_EXP_RENT_OTH,SG-P02-T01-FUNDRAISING-EVENTS,ONE,SG_02_FUNDR_EVNT_EXP_RENT_OTH,SG-P02-T00-FUNDRAISING-EVENTS,ONE,efile_v2_3,3af11bb
/Return/ReturnData/IRS990ScheduleG/EventsInformation/TotalNumberOfOtherEvents,SG_02_FUNDR_EVNT_OTH_TOT_NUM,SG-P02-T01-FUNDRAISING-EVENTS,ONE,SG_02_FUNDR_EVNT_OTH_TOT_NUM,SG-P02-T00-FUNDRAISING-EVENTS,ONE,efile_v2_3,3af11bb
/Return/ReturnData/IRS990ScheduleG/Form990ScheduleGPartII/EventsInformation/CashPrizesEvent1,SG_02_FUNDR_EVNT_EXP_CASH_1,SG-P02-T01-FUNDRAISING-EVENTS,ONE,SG_02_FUNDR_EVNT_EXP_CASH_1,SG-P02-T00-FUNDRAISING-EVENTS,ONE,efile_v2_3,3af11bb
/Return/ReturnData/IRS990ScheduleG/Form990ScheduleGPartII/EventsInformation/CashPrizesEvent2,SG_02_FUNDR_EVNT_EXP_CASH_2,SG-P02-T01-FUNDRAISING-EVENTS,ONE,SG_02_FUNDR_EVNT_EXP_CASH_2,SG-P02-T00-FUNDRAISING-EVENTS,ONE,efile_v2_3,3af11bb
/Return/ReturnData/IRS990ScheduleG/Form990ScheduleGPartII/EventsInformation/CashPrizesOtherEvents,SG_02_FUNDR_EVNT_EXP_CASH_OTH,SG-P02-T01-FUNDRAISING-EVENTS,ONE,SG_02_FUNDR_EVNT_EXP_CASH_OTH,SG-P02-T00-FUNDRAISING-EVENTS,ONE,efile_v2_3,3af11bb
/Return/ReturnData/IRS990ScheduleG/Form990ScheduleGPartII/EventsInformation/CharitableContribOtherEvents,SG_02_FUNDR_EVNT_REV_CONTR_OTH,SG-P02-T01-FUNDRAISING-EVENTS,ONE,SG_02_FUNDR_EVNT_REV_CONTR_OTH,SG-P02-T00-FUNDRAISING-EVENTS,ONE,efile_v2_3,3af11bb
/Return/ReturnData/IRS990ScheduleG/Form990ScheduleGPartII/EventsInformation/CharitableContributionsEvent1,SG_02_FUNDR_EVNT_REV_CONTR_1,SG-P02-T01-FUNDRAISING-EVENTS,ONE,SG_02_FUNDR_EVNT_REV_CONTR_1,SG-P02-T00-FUNDRAISING-EVENTS,ONE,efile_v2_3,3af11bb
/Return/ReturnData/IRS990ScheduleG/Form990ScheduleGPartII/EventsInformation/CharitableContributionsEvent2,SG_02_FUNDR_EVNT_REV_CONTR_2,SG-P02-T01-FUNDRAISING-EVENTS,ONE,SG_02_FUNDR_EVNT_REV_CONTR_2,SG-P02-T00-FUNDRAISING-EVENTS,ONE,efile_v2_3,3af11bb
/Return/ReturnData/IRS990ScheduleG/Form990ScheduleGPartII/EventsInformation/GrossReceiptsEvent1,SG_02_FUNDR_EVNT_REV_GRORCPT_1,SG-P02-T01-FUNDRAISING-EVENTS,ONE,SG_02_FUNDR_EVNT_REV_GRORCPT_1,SG-P02-T00-FUNDRAISING-EVENTS,ONE,efile_v2_3,3af11bb
/Return/ReturnData/IRS990ScheduleG/Form990ScheduleGPartII/EventsInformation/GrossReceiptsEvent2,SG_02_FUNDR_EVNT_REV_GRORCPT_2,SG-P02-T01-FUNDRAISING-EVENTS,ONE,SG_02_FUNDR_EVNT_REV_GRORCPT_2,SG-P02-T00-FUNDRAISING-EVENTS,ONE,efile_v2_3,3af11bb
/Return/ReturnData/IRS990ScheduleG/Form990ScheduleGPartII/EventsInformation/GrossReceiptsOtherEvents,SG_02_FUNDR_EVNT_REV_GRORCPT_OTH,SG-P02-T01-FUNDRAISING-EVENTS,ONE,SG_02_FUNDR_EVNT_REV_GRORCPT_OTH,SG-P02-T00-FUNDRAISING-EVENTS,ONE,efile_v2_3,3af11bb
/Return/ReturnData/IRS990ScheduleG/Form990ScheduleGPartII/EventsInformation/GrossRevenueEvent1,SG_02_FUNDR_EVNT_REV_GRO_1,SG-P02-T01-FUNDRAISING-EVENTS,ONE,SG_02_FUNDR_EVNT_REV_GRO_1,SG-P02-T00-FUNDRAISING-EVENTS,ONE,efile_v2_3,3af11bb
/Return/ReturnData/IRS990ScheduleG/Form990ScheduleGPartII/EventsInformation/GrossRevenueEvent2,SG_02_FUNDR_EVNT_REV_GRO_2,SG-P02-T01-FUNDRAISING-EVENTS,ONE,SG_02_FUNDR_EVNT_REV_GRO_2,SG-P02-T00-FUNDRAISING-EVENTS,ONE,efile_v2_3,3af11bb
/Return/ReturnData/IRS990ScheduleG/Form990ScheduleGPartII/EventsInformation/GrossRevenueOtherEvents,SG_02_FUNDR_EVNT_REV_GRO_OTH,SG-P02-T01-FUNDRAISING-EVENTS,ONE,SG_02_FUNDR_EVNT_REV_GRO_OTH,SG-P02-T00-FUNDRAISING-EVENTS,ONE,efile_v2_3,3af11bb
/Return/ReturnData/IRS990ScheduleG/Form990ScheduleGPartII/EventsInformation/NameOfEvent1,SG_02_FUNDR_EVNT_1_NAME,SG-P02-T01-FUNDRAISING-EVENTS,ONE,SG_02_FUNDR_EVNT_1_NAME,SG-P02-T00-FUNDRAISING-EVENTS,ONE,efile_v2_3,3af11bb
/Return/ReturnData/IRS990ScheduleG/Form990ScheduleGPartII/EventsInformation/NameOfEvent2,SG_02_FUNDR_EVNT_2_NAME,SG-P02-T01-FUNDRAISING-EVENTS,ONE,SG_02_FUNDR_EVNT_2_NAME,SG-P02-T00-FUNDRAISING-EVENTS,ONE,efile_v2_3,3af11bb
/Return/ReturnData/IRS990ScheduleG/Form990ScheduleGPartII/EventsInformation/NonCashPrizesEvent1,SG_02_FUNDR_EVNT_EXP_NONCSH_1,SG-P02-T01-FUNDRAISING-EVENTS,ONE,SG_02_FUNDR_EVNT_EXP_NONCSH_1,SG-P02-T00-FUNDRAISING-EVENTS,ONE,efile_v2_3,3af11bb
/Return/ReturnData/IRS990ScheduleG/Form990ScheduleGPartII/EventsInformation/NonCashPrizesEvent2,SG_02_FUNDR_EVNT_EXP_NONCSH_2,SG-P02-T01-FUNDRAISING-EVENTS,ONE,SG_02_FUNDR_EVNT_EXP_NONCSH_2,SG-P02-T00-FUNDRAISING-EVENTS,ONE,efile_v2_3,3af11bb
/Return/ReturnData/IRS990ScheduleG/Form990ScheduleGPartII/EventsInformation/NonCashPrizesOtherEvents,SG_02_FUNDR_EVNT_EXP_NONCSH_OTH,SG-P02-T01-FUNDRAISING-EVENTS,ONE,SG_02_FUNDR_EVNT_EXP_NONCSH_OTH,SG-P02-T00-FUNDRAISING-EVENTS,ONE,efile_v2_3,3af11bb
/Return/ReturnData/IRS990ScheduleG/Form990ScheduleGPartII/EventsInformation/OtherDirectExpensesEvent1,SG_02_FUNDR_EVNT_EXP_OTH_1,SG-P02-T01-FUNDRAISING-EVENTS,ONE,SG_02_FUNDR_EVNT_EXP_OTH_1,SG-P02-T00-FUNDRAISING-EVENTS,ONE,efile_v2_3,3af11bb
/Return/ReturnData/IRS990ScheduleG/Form990ScheduleGPartII/EventsInformation/OtherDirectExpensesEvent2,SG_02_FUNDR_EVNT_EXP_OTH_2,SG-P02-T01-FUNDRAISING-EVENTS,ONE,SG_02_FUNDR_EVNT_EXP_OTH_2,SG-P02-T00-FUNDRAISING-EVENTS,ONE,efile_v2_3,3af11bb
/Return/ReturnData/IRS990ScheduleG/Form990ScheduleGPartII/EventsInformation/OtherDirectExpensesOtherEvents,SG_02_FUNDR_EVNT_EXP_OTH_OTH,SG-P02-T01-FUNDRAISING-EVENTS,ONE,SG_02_FUNDR_EVNT_EXP_OTH_OTH,SG-P02-T00-FUNDRAISING-EVENTS,ONE,efile_v2_3,3af11bb
/Return/ReturnData/IRS990ScheduleG/Form990ScheduleGPartII/EventsInformation/RentFacilityCostsEvent1,SG_02_FUNDR_EVNT_EXP_RENT_1,SG-P02-T01-FUNDRAISING-EVENTS,ONE,SG_02_FUNDR_EVNT_EXP_RENT_1,SG-P02-T00-FUNDRAISING-EVENTS,ONE,efile_v2_3,3af11bb
/Return/ReturnData/IRS990ScheduleG/Form990ScheduleGPartII/EventsInformation/RentFacilityCostsEvent2,SG_02_FUNDR_EVNT_EXP_RENT_2,SG-P02-T01-FUNDRAISING-EVENTS,ONE,SG_02_FUNDR_EVNT_EXP_RENT_2,SG-P02-T00-FUNDRAISING-EVENTS,ONE,efile_v2_3,3af11bb
/Return/ReturnData/IRS990ScheduleG/Form990ScheduleGPartII/EventsInformation/RentFacilityCostsOtherEvents,SG_02_FUNDR_EVNT_EXP_RENT_OTH,SG-P02-T01-FUNDRAISING-EVENTS,ONE,SG_02_FUNDR_EVNT_EXP_RENT_OTH,SG-P02-T00-FUNDRAISING-EVENTS,ONE,efile_v2_3,3af11bb
/Return/ReturnData/IRS990ScheduleG/Form990ScheduleGPartII/EventsInformation/TotalNumberOfOtherEvents,SG_02_FUNDR_EVNT_OTH_TOT_NUM,SG-P02-T01-FUNDRAISING-EVENTS,ONE,SG_02_FUNDR_EVNT_OTH_TOT_NUM,SG-P02-T00-FUNDRAISING-EVENTS,ONE,efile_v2_3,3af11bb
/Return/ReturnData/IRS990ScheduleG/FundraisingEventInformationGrp/CashPrizesEvent1Amt,SG_02_FUNDR_EVNT_EXP_CASH_1,SG-P02-T01-FUNDRAISING-EVENTS,ONE,SG_02_FUNDR_EVNT_EXP_CASH_1,SG-P02-T00-FUNDRAISING-EVENTS,ONE,efile_v2_3,3af11bb
/Return/ReturnData/IRS990ScheduleG/FundraisingEventInformationGrp/CashPrizesEvent2Amt,SG_02_FUNDR_EVNT_EXP_CASH_2,SG-P02-T01-FUNDRAISING-EVENTS,ONE,SG_02_FUNDR_EVNT_EXP_CASH_2,SG-P02-T00-FUNDRAISING-EVENTS,ONE,efile_v2_3,3af11bb
/Return/ReturnData/IRS990ScheduleG/FundraisingEventInformationGrp/CashPrizesOtherEventsAmt,SG_02_FUNDR_EVNT_EXP_CASH_OTH,SG-P02-T01-FUNDRAISING-EVENTS,ONE,SG_02_FUNDR_EVNT_EXP_CASH_OTH,SG-P02-T00-FUNDRAISING-EVENTS,ONE,efile_v2_3,3af11bb
/Return/ReturnData/IRS990ScheduleG/FundraisingEventInformationGrp/CharitableContriEvent1Amt,SG_02_FUNDR_EVNT_REV_CONTR_1,SG-P02-T01-FUNDRAISING-EVENTS,ONE,SG_02_FUNDR_EVNT_REV_CONTR_1,SG-P02-T00-FUNDRAISING-EVENTS,ONE,efile_v2_3,3af11bb
/Return/ReturnData/IRS990ScheduleG/FundraisingEventInformationGrp/CharitableContriEvent2Amt,SG_02_FUNDR_EVNT_REV_CONTR_2,SG-P02-T01-FUNDRAISING-EVENTS,ONE,SG_02_FUNDR_EVNT_REV_CONTR_2,SG-P02-T00-FUNDRAISING-EVENTS,ONE,efile_v2_3,3af11bb
/Return/ReturnData/IRS990ScheduleG/FundraisingEventInformationGrp/CharitableContriOtherEventsAmt,SG_02_FUNDR_EVNT_REV_CONTR_OTH,SG-P02-T01-FUNDRAISING-EVENTS,ONE,SG_02_FUNDR_EVNT_REV_CONTR_OTH,SG-P02-T00-FUNDRAISING-EVENTS,ONE,efile_v2_3,3af11bb
/Return/ReturnData/IRS990ScheduleG/FundraisingEventInformationGrp/EntertainmentEvent1Amt,SG_02_FUNDR_EVNT_EXP_ENTMT_1,SG-P02-T01-FUNDRAISING-EVENTS,ONE,SG_02_FUNDR_EVNT_EXP_ENTMT_1,SG-P02-T00-FUNDRAISING-EVENTS,ONE,efile_v2_3,3af11bb
/Return/ReturnData/IRS990ScheduleG/FundraisingEventInformationGrp/EntertainmentEvent2Amt,SG_02_FUNDR_EVNT_EXP_ENTMT_2,SG-P02-T01-FUNDRAISING-EVENTS,ONE,SG_02_FUNDR_EVNT_EXP_ENTMT_2,SG-P02-T00-FUNDRAISING-EVENTS,ONE,efile_v2_3,3af11bb
/Return/ReturnData/IRS990ScheduleG/FundraisingEventInformationGrp/EntertainmentOtherEventsAmt,SG_02_FUNDR_EVNT_EXP_ENTMT_OTH,SG-P02-T01-FUNDRAISING-EVENTS,ONE,SG_02_FUNDR_EVNT_EXP_ENTMT_OTH,SG-P02-T00-FUNDRAISING-EVENTS,ONE,efile_v2_3,3af11bb
/Return/ReturnData/IRS990ScheduleG/FundraisingEventInformationGrp/Event1Nm,SG_02_FUNDR_EVNT_1_NAME,SG-P02-T01-FUNDRAISING-EVENTS,ONE,SG_02_FUNDR_EVNT_1_NAME,SG-P02-T00-FUNDRAISING-EVENTS,ONE,efile_v2_3,3af11bb
/Return/ReturnData/IRS990ScheduleG/FundraisingEventInformationGrp/Event2Nm,SG_02_FUNDR_EVNT_2_NAME,SG-P02-T01-FUNDRAISING-EVENTS,ONE,SG_02_FUNDR_EVNT_2_NAME,SG-P02-T00-FUNDRAISING-EVENTS,ONE,efile_v2_3,3af11bb
/Return/ReturnData/IRS990ScheduleG/FundraisingEventInformationGrp/FoodAndBeverageEvent1Amt,SG_02_FUNDR_EVNT_EXP_FOOD_1,SG-P02-T01-FUNDRAISING-EVENTS,ONE,SG_02_FUNDR_EVNT_EXP_FOOD_1,SG-P02-T00-FUNDRAISING-EVENTS,ONE,efile_v2_3,3af11bb
/Return/ReturnData/IRS990ScheduleG/FundraisingEventInformationGrp/FoodAndBeverageEvent2Amt,SG_02_FUNDR_EVNT_EXP_FOOD_2,SG-P02-T01-FUNDRAISING-EVENTS,ONE,SG_02_FUNDR_EVNT_EXP_FOOD_2,SG-P02-T00-FUNDRAISING-EVENTS,ONE,efile_v2_3,3af11bb
/Return/ReturnData/IRS990ScheduleG/FundraisingEventInformationGrp/FoodAndBeverageOtherEventsAmt,SG_02_FUNDR_EVNT_EXP_FOOD_OTH,SG-P02-T01-FUNDRAISING-EVENTS,ONE,SG_02_FUNDR_EVNT_EXP_FOOD_OTH,SG-P02-T00-FUNDRAISING-EVENTS,ONE,efile_v2_3,3af11bb
/Return/ReturnData/IRS990ScheduleG/FundraisingEventInformationGrp/GrossReceiptsEvent1Amt,SG_02_FUNDR_EVNT_REV_GRORCPT_1,SG-P02-T01-FUNDRAISING-EVENTS,ONE,SG_02_FUNDR_EVNT_REV_GRORCPT_1,SG-P02-T00-FUNDRAISING-EVENTS,ONE,efile_v2_3,3af11bb
/Return/ReturnData/IRS990ScheduleG/FundraisingEventInformationGrp/GrossReceiptsEvent2Amt,SG_02_FUNDR_EVNT_REV_GRORCPT_2,SG-P02-T01-FUNDRAISING-EVENTS,ONE,SG_02_FUNDR_EVNT_REV_GRORCPT_2,SG-P02-T00-FUNDRAISING-EVENTS,ONE,efile_v2_3,3af11bb
/Return/ReturnData/IRS990ScheduleG/FundraisingEventInformationGrp/GrossReceiptsOtherEventsAmt,SG_02_FUNDR_EVNT_REV_GRORCPT_OTH,SG-P02-T01-FUNDRAISING-EVENTS,ONE,SG_02_FUNDR_EVNT_REV_GRORCPT_OTH,SG-P02-T00-FUNDRAISING-EVENTS,ONE,efile_v2_3,3af11bb
/Return/ReturnData/IRS990ScheduleG/FundraisingEventInformationGrp/GrossRevenueEvent1Amt,SG_02_FUNDR_EVNT_REV_GRO_1,SG-P02-T01-FUNDRAISING-EVENTS,ONE,SG_02_FUNDR_EVNT_REV_GRO_1,SG-P02-T00-FUNDRAISING-EVENTS,ONE,efile_v2_3,3af11bb
/Return/ReturnData/IRS990ScheduleG/FundraisingEventInformationGrp/GrossRevenueEvent2Amt,SG_02_FUNDR_EVNT_REV_GRO_2,SG-P02-T01-FUNDRAISING-EVENTS,ONE,SG_02_FUNDR_EVNT_REV_GRO_2,SG-P02-T00-FUNDRAISING-EVENTS,ONE,efile_v2_3,3af11bb
/Return/ReturnData/IRS990ScheduleG/FundraisingEventInformationGrp/GrossRevenueOtherEventsAmt,SG_02_FUNDR_EVNT_REV_GRO_OTH,SG-P02-T01-FUNDRAISING-EVENTS,ONE,SG_02_FUNDR_EVNT_REV_GRO_OTH,SG-P02-T00-FUNDRAISING-EVENTS,ONE,efile_v2_3,3af11bb
/Return/ReturnData/IRS990ScheduleG/FundraisingEventInformationGrp/NameOfEvent1Amt,SG_02_FUNDR_EVNT_1_NAME,SG-P02-T01-FUNDRAISING-EVENTS,ONE,SG_02_FUNDR_EVNT_1_NAME,SG-P02-T00-FUNDRAISING-EVENTS,ONE,efile_v2_3,3af11bb
/Return/ReturnData/IRS990ScheduleG/FundraisingEventInformationGrp/NameOfEvent2Amt,SG_02_FUNDR_EVNT_2_NAME,SG-P02-T01-FUNDRAISING-EVENTS,ONE,SG_02_FUNDR_EVNT_2_NAME,SG-P02-T00-FUNDRAISING-EVENTS,ONE,efile_v2_3,3af11bb
/Return/ReturnData/IRS990ScheduleG/FundraisingEventInformationGrp/NonCashPrizesEvent1Amt,SG_02_FUNDR_EVNT_EXP_NONCSH_1,SG-P02-T01-FUNDRAISING-EVENTS,ONE,SG_02_FUNDR_EVNT_EXP_NONCSH_1,SG-P02-T00-FUNDRAISING-EVENTS,ONE,efile_v2_3,3af11bb
/Return/ReturnData/IRS990ScheduleG/FundraisingEventInformationGrp/NonCashPrizesEvent2Amt,SG_02_FUNDR_EVNT_EXP_NONCSH_2,SG-P02-T01-FUNDRAISING-EVENTS,ONE,SG_02_FUNDR_EVNT_EXP_NONCSH_2,SG-P02-T00-FUNDRAISING-EVENTS,ONE,efile_v2_3,3af11bb
/Return/ReturnData/IRS990ScheduleG/FundraisingEventInformationGrp/NonCashPrizesOtherEventsAmt,SG_02_FUNDR_EVNT_EXP_NONCSH_OTH,SG-P02-T01-FUNDRAISING-EVENTS,ONE,SG_02_FUNDR_EVNT_EXP_NONCSH_OTH,SG-P02-T00-FUNDRAISING-EVENTS,ONE,efile_v2_3,3af11bb
/Return/ReturnData/IRS990ScheduleG/FundraisingEventInformationGrp/OthDirectExpnssOtherEventsAmt,SG_02_FUNDR_EVNT_EXP_OTH_OTH,SG-P02-T01-FUNDRAISING-EVENTS,ONE,SG_02_FUNDR_EVNT_EXP_OTH_OTH,SG-P02-T00-FUNDRAISING-EVENTS,ONE,efile_v2_3,3af11bb
/Return/ReturnData/IRS990ScheduleG/FundraisingEventInformationGrp/OtherDirectExpensesEvent1Amt,SG_02_FUNDR_EVNT_EXP_OTH_1,SG-P02-T01-FUNDRAISING-EVENTS,ONE,SG_02_FUNDR_EVNT_EXP_OTH_1,SG-P02-T00-FUNDRAISING-EVENTS,ONE,efile_v2_3,3af11bb
/Return/ReturnData/IRS990ScheduleG/FundraisingEventInformationGrp/OtherDirectExpensesEvent2Amt,SG_02_FUNDR_EVNT_EXP_OTH_2,SG-P02-T01-FUNDRAISING-EVENTS,ONE,SG_02_FUNDR_EVNT_EXP_OTH_2,SG-P02-T00-FUNDRAISING-EVENTS,ONE,efile_v2_3,3af11bb
/Return/ReturnData/IRS990ScheduleG/FundraisingEventInformationGrp/OtherEventsTotalCnt,SG_02_FUNDR_EVNT_OTH_TOT_NUM,SG-P02-T01-FUNDRAISING-EVENTS,ONE,SG_02_FUNDR_EVNT_OTH_TOT_NUM,SG-P02-T00-FUNDRAISING-EVENTS,ONE,efile_v2_3,3af11bb
/Return/ReturnData/IRS990ScheduleG/FundraisingEventInformationGrp/RentFacilityCostsEvent1Amt,SG_02_FUNDR_EVNT_EXP_RENT_1,SG-P02-T01-FUNDRAISING-EVENTS,ONE,SG_02_FUNDR_EVNT_EXP_RENT_1,SG-P02-T00-FUNDRAISING-EVENTS,ONE,efile_v2_3,3af11bb
/Return/ReturnData/IRS990ScheduleG/FundraisingEventInformationGrp/RentFacilityCostsEvent2Amt,SG_02_FUNDR_EVNT_EXP_RENT_2,SG-P02-T01-FUNDRAISING-EVENTS,ONE,SG_02_FUNDR_EVNT_EXP_RENT_2,SG-P02-T00-FUNDRAISING-EVENTS,ONE,efile_v2_3,3af11bb
/Return/ReturnData/IRS990ScheduleG/FundraisingEventInformationGrp/RentFcltyCostsOtherEventsAmt,SG_02_FUNDR_EVNT_EXP_RENT_OTH,SG-P02-T01-FUNDRAISING-EVENTS,ONE,SG_02_FUNDR_EVNT_EXP_RENT_OTH,SG-P02-T00-FUNDRAISING-EVENTS,ONE,efile_v2_3,3af11bb
/Return/ReturnData/IRS990ScheduleH/Form990ScheduleHPartVSectionB/AdoptBudget,SH_99_CHNA_NEED_ADOPT_BUDGET_X,SH-P99-T00-FAP-COMMUNITY-BENEFIT-POLICY,MANY,SH_99_CHNA_NEED_ADOPT_BUDGET_X,SH-P99-T01-FAP-COMMUNITY-BENEFIT-POLICY,MANY,efile_v2_3,3af11bb
/Return/ReturnData/IRS990ScheduleH/Form990ScheduleHPartVSectionB/AdoptImplementStrategy,SH_99_CHNA_NEED_ADOPT_IMP_X,SH-P99-T00-FAP-COMMUNITY-BENEFIT-POLICY,MANY,SH_99_CHNA_NEED_ADOPT_IMP_X,SH-P99-T01-FAP-COMMUNITY-BENEFIT-POLICY,MANY,efile_v2_3,3af11bb
/Return/ReturnData/IRS990ScheduleH/Form990ScheduleHPartVSectionB/AllNeedsAddressed,SH_99_CHNA_NEED_ALL_ADDRESSED_X,SH-P99-T00-FAP-COMMUNITY-BENEFIT-POLICY,MANY,SH_99_CHNA_NEED_ALL_ADDRESSED_X,SH-P99-T01-FAP-COMMUNITY-BENEFIT-POLICY,MANY,efile_v2_3,3af11bb
/Return/ReturnData/IRS990ScheduleH/Form990ScheduleHPartVSectionB/AssetLevel,SH_99_FAP_FACTOR_ASSET_X,SH-P99-T00-FAP-COMMUNITY-BENEFIT-POLICY,MANY,SH_99_FAP_FACTOR_ASSET_X,SH-P99-T01-FAP-COMMUNITY-BENEFIT-POLICY,MANY,efile_v2_3,3af11bb
/Return/ReturnData/IRS990ScheduleH/Form990ScheduleHPartVSectionB/AttachedToInvoices,SH_99_FAP_PROV_ATTACH_INVOICE_X,SH-P99-T00-FAP-COMMUNITY-BENEFIT-POLICY,MANY,SH_99_FAP_PROV_ATTACH_INVOICE_X,SH-P99-T01-FAP-COMMUNITY-BENEFIT-POLICY,MANY,efile_v2_3,3af11bb
/Return/ReturnData/IRS990ScheduleH/Form990ScheduleHPartVSectionB/AvailableOnRequest,SH_99_FAP_PROV_REQUEST_X,SH-P99-T00-FAP-COMMUNITY-BENEFIT-POLICY,MANY,SH_99_FAP_PROV_REQUEST_X,SH-P99-T01-FAP-COMMUNITY-BENEFIT-POLICY,MANY,efile_v2_3,3af11bb
/Return/ReturnData/IRS990ScheduleH/Form990ScheduleHPartVSectionB/AverageNegotiatedRates,SH_99_CHARGE_AVE_RATE_X,SH-P99-T00-FAP-COMMUNITY-BENEFIT-POLICY,MANY,SH_99_CHARGE_AVE_RATE_X,SH-P99-T01-FAP-COMMUNITY-BENEFIT-POLICY,MANY,efile_v2_3,3af11bb
/Return/ReturnData/IRS990ScheduleH/Form990ScheduleHPartVSectionB/BodyAttachment,SH_99_BILL_3RD_PARTY_BODY_X,SH-P99-T00-FAP-COMMUNITY-BENEFIT-POLICY,MANY,SH_99_BILL_3RD_PARTY_BODY_X,SH-P99-T01-FAP-COMMUNITY-BENEFIT-POLICY,MANY,efile_v2_3,3af11bb
/Return/ReturnData/IRS990ScheduleH/Form990ScheduleHPartVSectionB/DevelopCommunityPlan,SH_99_CHNA_NEED_DEVELOP_PLAN_X,SH-P99-T00-FAP-COMMUNITY-BENEFIT-POLICY,MANY,SH_99_CHNA_NEED_DEVELOP_PLAN_X,SH-P99-T01-FAP-COMMUNITY-BENEFIT-POLICY,MANY,efile_v2_3,3af11bb
/Return/ReturnData/IRS990ScheduleH/Form990ScheduleHPartVSectionB/DocumentedDetermination,SH_99_BILL_NOTIFIED_DOC_X,SH-P99-T00-FAP-COMMUNITY-BENEFIT-POLICY,MANY,SH_99_BILL_NOTIFIED_DOC_X,SH-P99-T01-FAP-COMMUNITY-BENEFIT-POLICY,MANY,efile_v2_3,3af11bb
/Return/ReturnData/IRS990ScheduleH/Form990ScheduleHPartVSectionB/ExecuteImplementStrategy,SH_99_CHNA_NEED_EXECUTE_IMP_X,SH-P99-T00-FAP-COMMUNITY-BENEFIT-POLICY,MANY,SH_99_CHNA_NEED_EXECUTE_IMP_X,SH-P99-T01-FAP-COMMUNITY-BENEFIT-POLICY,MANY,efile_v2_3,3af11bb
/Return/ReturnData/IRS990ScheduleH/Form990ScheduleHPartVSectionB/FPGDiscountPercent,SH_99_FAP_USE_FPG_DCNT_CARE_PCT,SH-P99-T00-FAP-COMMUNITY-BENEFIT-POLICY,MANY,SH_99_FAP_USE_FPG_DCNT_CARE_PCT,SH-P99-T01-FAP-COMMUNITY-BENEFIT-POLICY,MANY,efile_v2_3,3af11bb
/Return/ReturnData/IRS990ScheduleH/Form990ScheduleHPartVSectionB/FPGFreePercent,SH_99_FAP_USE_FPG_FREE_CARE_PCT,SH-P99-T00-FAP-COMMUNITY-BENEFIT-POLICY,MANY,SH_99_FAP_USE_FPG_FREE_CARE_PCT,SH-P99-T01-FAP-COMMUNITY-BENEFIT-POLICY,MANY,efile_v2_3,3af11bb
/Return/ReturnData/IRS990ScheduleH/Form990ScheduleHPartVSectionB/IncludeOperationalPlans,SH_99_CHNA_NEED_INCL_PLAN_X,SH-P99-T00-FAP-COMMUNITY-BENEFIT-POLICY,MANY,SH_99_CHNA_NEED_INCL_PLAN_X,SH-P99-T01-FAP-COMMUNITY-BENEFIT-POLICY,MANY,efile_v2_3,3af11bb
/Return/ReturnData/IRS990ScheduleH/Form990ScheduleHPartVSectionB/IncludesPublicityMeasures,SH_99_FAP_PROV_PUBLICITY_X,SH-P99-T00-FAP-COMMUNITY-BENEFIT-POLICY,MANY,SH_99_FAP_PROV_PUBLICITY_X,SH-P99-T01-FAP-COMMUNITY-BENEFIT-POLICY,MANY,efile_v2_3,3af11bb
/Return/ReturnData/IRS990ScheduleH/Form990ScheduleHPartVSectionB/IncomeLevel,SH_99_FAP_FACTOR_INCOME_X,SH-P99-T00-FAP-COMMUNITY-BENEFIT-POLICY,MANY,SH_99_FAP_FACTOR_INCOME_X,SH-P99-T01-FAP-COMMUNITY-BENEFIT-POLICY,MANY,efile_v2_3,3af11bb
/Return/ReturnData/IRS990ScheduleH/Form990ScheduleHPartVSectionB/InsuranceStatus,SH_99_FAP_FACTOR_INSURANCE_X,SH-P99-T00-FAP-COMMUNITY-BENEFIT-POLICY,MANY,SH_99_FAP_FACTOR_INSURANCE_X,SH-P99-T01-FAP-COMMUNITY-BENEFIT-POLICY,MANY,efile_v2_3,3af11bb
/Return/ReturnData/IRS990ScheduleH/Form990ScheduleHPartVSectionB/Lawsuit,SH_99_BILL_3RD_PARTY_LAWSUIT_X,SH-P99-T00-FAP-COMMUNITY-BENEFIT-POLICY,MANY,SH_99_BILL_3RD_PARTY_LAWSUIT_X,SH-P99-T01-FAP-COMMUNITY-BENEFIT-POLICY,MANY,efile_v2_3,3af11bb
/Return/ReturnData/IRS990ScheduleH/Form990ScheduleHPartVSectionB/LienOnResidence,SH_99_BILL_3RD_PARTY_LIEN_X,SH-P99-T00-FAP-COMMUNITY-BENEFIT-POLICY,MANY,SH_99_BILL_3RD_PARTY_LIEN_X,SH-P99-T01-FAP-COMMUNITY-BENEFIT-POLICY,MANY,efile_v2_3,3af11bb
/Return/ReturnData/IRS990ScheduleH/Form990ScheduleHPartVSectionB/LowestNegotiatedRates,SH_99_CHARGE_LOW_RATE_X,SH-P99-T00-FAP-COMMUNITY-BENEFIT-POLICY,MANY,SH_99_CHARGE_LOW_RATE_X,SH-P99-T01-FAP-COMMUNITY-BENEFIT-POLICY,MANY,efile_v2_3,3af11bb
/Return/ReturnData/IRS990ScheduleH/Form990ScheduleHPartVSectionB/MedicaidMedicare,SH_99_FAP_FACTOR_MEDICAID_X,SH-P99-T00-FAP-COMMUNITY-BENEFIT-POLICY,MANY,SH_99_FAP_FACTOR_MEDICAID_X,SH-P99-T01-FAP-COMMUNITY-BENEFIT-POLICY,MANY,efile_v2_3,3af11bb
/Return/ReturnData/IRS990ScheduleH/Form990ScheduleHPartVSectionB/MedicalIndigency,SH_99_FAP_FACTOR_INDIGENCY_X,SH-P99-T00-FAP-COMMUNITY-BENEFIT-POLICY,MANY,SH_99_FAP_FACTOR_INDIGENCY_X,SH-P99-T01-FAP-COMMUNITY-BENEFIT-POLICY,MANY,efile_v2_3,3af11bb
/Return/ReturnData/IRS990ScheduleH/Form990ScheduleHPartVSectionB/MedicareRate,SH_99_CHARGE_MT_MEDICARE_RATE_X,SH-P99-T00-FAP-COMMUNITY-BENEFIT-POLICY,MANY,SH_99_CHARGE_MT_MEDICARE_RATE_X,SH-P99-T01-FAP-COMMUNITY-BENEFIT-POLICY,MANY,efile_v2_3,3af11bb
/Return/ReturnData/IRS990ScheduleH/Form990ScheduleHPartVSectionB/NotifiedAllPatients,SH_99_BILL_NOTIFIED_PATIENT_X,SH-P99-T00-FAP-COMMUNITY-BENEFIT-POLICY,MANY,SH_99_BILL_NOTIFIED_PATIENT_X,SH-P99-T01-FAP-COMMUNITY-BENEFIT-POLICY,MANY,efile_v2_3,3af11bb
/Return/ReturnData/IRS990ScheduleH/Form990ScheduleHPartVSectionB/NotifyBeforeDischarge,SH_99_BILL_NOTIFIED_DISCHARGE_X,SH-P99-T00-FAP-COMMUNITY-BENEFIT-POLICY,MANY,SH_99_BILL_NOTIFIED_DISCHARGE_X,SH-P99-T01-FAP-COMMUNITY-BENEFIT-POLICY,MANY,efile_v2_3,3af11bb
/Return/ReturnData/IRS990ScheduleH/Form990ScheduleHPartVSectionB/NotifyUponAdmission,SH_99_BILL_NOTIFIED_ADM_X,SH-P99-T00-FAP-COMMUNITY-BENEFIT-POLICY,MANY,SH_99_BILL_NOTIFIED_ADM_X,SH-P99-T01-FAP-COMMUNITY-BENEFIT-POLICY,MANY,efile_v2_3,3af11bb
/Return/ReturnData/IRS990ScheduleH/Form990ScheduleHPartVSectionB/OnRequest,SH_99_CHNA_AVBL_REQUEST_X,SH-P99-T00-FAP-COMMUNITY-BENEFIT-POLICY,MANY,SH_99_CHNA_AVBL_REQUEST_X,SH-P99-T01-FAP-COMMUNITY-BENEFIT-POLICY,MANY,efile_v2_3,3af11bb
/Return/ReturnData/IRS990ScheduleH/Form990ScheduleHPartVSectionB/OtherActionsTaken,SH_99_BILL_NOTIFIED_OTH_ACT_X,SH-P99-T00-FAP-COMMUNITY-BENEFIT-POLICY,MANY,SH_99_BILL_NOTIFIED_OTH_ACT_X,SH-P99-T01-FAP-COMMUNITY-BENEFIT-POLICY,MANY,efile_v2_3,3af11bb
/Return/ReturnData/IRS990ScheduleH/Form990ScheduleHPartVSectionB/OtherFactors,SH_99_FAP_FACTOR_OTH_X,SH-P99-T00-FAP-COMMUNITY-BENEFIT-POLICY,MANY,SH_99_FAP_FACTOR_OTH_X,SH-P99-T01-FAP-COMMUNITY-BENEFIT-POLICY,MANY,efile_v2_3,3af11bb
/Return/ReturnData/IRS990ScheduleH/Form990ScheduleHPartVSectionB/OtherNeedsAddressed,SH_99_CHNA_NEED_OTH_X,SH-P99-T00-FAP-COMMUNITY-BENEFIT-POLICY,MANY,SH_99_CHNA_NEED_OTH_X,SH-P99-T01-FAP-COMMUNITY-BENEFIT-POLICY,MANY,efile_v2_3,3af11bb
/Return/ReturnData/IRS990ScheduleH/Form990ScheduleHPartVSectionB/OtherPublicity,SH_99_FAP_PROV_OTH_X,SH-P99-T00-FAP-COMMUNITY-BENEFIT-POLICY,MANY,SH_99_FAP_PROV_OTH_X,SH-P99-T01-FAP-COMMUNITY-BENEFIT-POLICY,MANY,efile_v2_3,3af11bb
/Return/ReturnData/IRS990ScheduleH/Form990ScheduleHPartVSectionB/ParticipateCommunityPlan,SH_99_CHNA_NEED_PARTICIPA_PLAN_X,SH-P99-T00-FAP-COMMUNITY-BENEFIT-POLICY,MANY,SH_99_CHNA_NEED_PARTICIPA_PLAN_X,SH-P99-T01-FAP-COMMUNITY-BENEFIT-POLICY,MANY,efile_v2_3,3af11bb
/Return/ReturnData/IRS990ScheduleH/Form990ScheduleHPartVSectionB/PermitBodyAttachment,SH_99_BILL_PERMIT_BODY_ATTACH_X,SH-P99-T00-FAP-COMMUNITY-BENEFIT-POLICY,MANY,SH_99_BILL_PERMIT_BODY_ATTACH_X,SH-P99-T01-FAP-COMMUNITY-BENEFIT-POLICY,MANY,efile_v2_3,3af11bb
/Return/ReturnData/IRS990ScheduleH/Form990ScheduleHPartVSectionB/PermitLawsuit,SH_99_BILL_PERMIT_LAWSUIT_X,SH-P99-T00-FAP-COMMUNITY-BENEFIT-POLICY,MANY,SH_99_BILL_PERMIT_LAWSUIT_X,SH-P99-T01-FAP-COMMUNITY-BENEFIT-POLICY,MANY,efile_v2_3,3af11bb
/Return/ReturnData/IRS990ScheduleH/Form990ScheduleHPartVSectionB/PermitLienOnResidence,SH_99_BILL_PERMIT_LIEN_X,SH-P99-T00-FAP-COMMUNITY-BENEFIT-POLICY,MANY,SH_99_BILL_PERMIT_LIEN_X,SH-P99-T01-FAP-COMMUNITY-BENEFIT-POLICY,MANY,efile_v2_3,3af11bb
/Return/ReturnData/IRS990ScheduleH/Form990ScheduleHPartVSectionB/PostedInAdmissionOffice,SH_99_FAP_PROV_ADM_OFFICE_X,SH-P99-T00-FAP-COMMUNITY-BENEFIT-POLICY,MANY,SH_99_FAP_PROV_ADM_OFFICE_X,SH-P99-T01-FAP-COMMUNITY-BENEFIT-POLICY,MANY,efile_v2_3,3af11bb
/Return/ReturnData/IRS990ScheduleH/Form990ScheduleHPartVSectionB/PostedInEmergencyRoom,SH_99_FAP_PROV_EMERGENCY_ROOM_X,SH-P99-T00-FAP-COMMUNITY-BENEFIT-POLICY,MANY,SH_99_FAP_PROV_EMERGENCY_ROOM_X,SH-P99-T01-FAP-COMMUNITY-BENEFIT-POLICY,MANY,efile_v2_3,3af11bb
/Return/ReturnData/IRS990ScheduleH/Form990ScheduleHPartVSectionB/PostedOnWebsite,SH_99_FAP_PROV_WEBSITE_X,SH-P99-T00-FAP-COMMUNITY-BENEFIT-POLICY,MANY,SH_99_FAP_PROV_WEBSITE_X,SH-P99-T01-FAP-COMMUNITY-BENEFIT-POLICY,MANY,efile_v2_3,3af11bb
/Return/ReturnData/IRS990ScheduleH/Form990ScheduleHPartVSectionB/PrioritizeHealthNeeds,SH_99_CHNA_NEED_PRIORITIZA_X,SH-P99-T00-FAP-COMMUNITY-BENEFIT-POLICY,MANY,SH_99_CHNA_NEED_PRIORITIZA_X,SH-P99-T01-FAP-COMMUNITY-BENEFIT-POLICY,MANY,efile_v2_3,3af11bb
/Return/ReturnData/IRS990ScheduleH/Form990ScheduleHPartVSectionB/PrioritizeServices,SH_99_CHNA_NEED_PRIORITIZA_SVC_X,SH-P99-T00-FAP-COMMUNITY-BENEFIT-POLICY,MANY,SH_99_CHNA_NEED_PRIORITIZA_SVC_X,SH-P99-T01-FAP-COMMUNITY-BENEFIT-POLICY,MANY,efile_v2_3,3af11bb
/Return/ReturnData/IRS990ScheduleH/Form990ScheduleHPartVSectionB/ProvidedOnAdmission,SH_99_FAP_PROV_ADM_X,SH-P99-T00-FAP-COMMUNITY-BENEFIT-POLICY,MANY,SH_99_FAP_PROV_ADM_X,SH-P99-T01-FAP-COMMUNITY-BENEFIT-POLICY,MANY,efile_v2_3,3af11bb
/Return/ReturnData/IRS990ScheduleH/Form990ScheduleHPartVSectionB/StateRegulation,SH_99_FAP_FACTOR_STATE_REG_X,SH-P99-T00-FAP-COMMUNITY-BENEFIT-POLICY,MANY,SH_99_FAP_FACTOR_STATE_REG_X,SH-P99-T01-FAP-COMMUNITY-BENEFIT-POLICY,MANY,efile_v2_3,3af11bb
/Return/ReturnData/IRS990ScheduleH/Form990ScheduleHPartVSectionB/UninsuredDiscount,SH_99_FAP_FACTOR_UNINSURED_X,SH-P99-T00-FAP-COMMUNITY-BENEFIT-POLICY,MANY,SH_99_FAP_FACTOR_UNINSURED_X,SH-P99-T01-FAP-COMMUNITY-BENEFIT-POLICY,MANY,efile_v2_3,3af11bb
/Return/ReturnData/IRS990ScheduleH/Form990ScheduleHPartVSectionB/UsedOtherMethod,SH_99_CHARGE_OTH_METHOD_X,SH-P99-T00-FAP-COMMUNITY-BENEFIT-POLICY,MANY,SH_99_CHARGE_OTH_METHOD_X,SH-P99-T01-FAP-COMMUNITY-BENEFIT-POLICY,MANY,efile_v2_3,3af11bb
/Return/ReturnData/IRS990ScheduleH/Form990ScheduleHPartVSectionB/UsesFPGDiscounted,SH_99_FAP_USE_FPG_DCNT_CARE_X,SH-P99-T00-FAP-COMMUNITY-BENEFIT-POLICY,MANY,SH_99_FAP_USE_FPG_DCNT_CARE_X,SH-P99-T01-FAP-COMMUNITY-BENEFIT-POLICY,MANY,efile_v2_3,3af11bb
/Return/ReturnData/IRS990ScheduleH/Form990ScheduleHPartVSectionB/UsesFPGFree,SH_99_FAP_USE_FPG_FREE_CARE_X,SH-P99-T00-FAP-COMMUNITY-BENEFIT-POLICY,MANY,SH_99_FAP_USE_FPG_FREE_CARE_X,SH-P99-T01-FAP-COMMUNITY-BENEFIT-POLICY,MANY,efile_v2_3,3af11bb
/Return/ReturnData/IRS990ScheduleH/HospitalFcltyPoliciesPrctcGrp/AdoptBudgetInd,SH_99_CHNA_NEED_ADOPT_BUDGET_X,SH-P99-T00-FAP-COMMUNITY-BENEFIT-POLICY,MANY,SH_99_CHNA_NEED_ADOPT_BUDGET_X,SH-P99-T01-FAP-COMMUNITY-BENEFIT-POLICY,MANY,efile_v2_3,3af11bb
/Return/ReturnData/IRS990ScheduleH/HospitalFcltyPoliciesPrctcGrp/AdoptImplementationStrategyInd,SH_99_CHNA_NEED_ADOPT_IMP_X,SH-P99-T00-FAP-COMMUNITY-BENEFIT-POLICY,MANY,SH_99_CHNA_NEED_ADOPT_IMP_X,SH-P99-T01-FAP-COMMUNITY-BENEFIT-POLICY,MANY,efile_v2_3,3af11bb
/Return/ReturnData/IRS990ScheduleH/HospitalFcltyPoliciesPrctcGrp/AllNeedsAddressedInd,SH_99_CHNA_NEED_ALL_ADDRESSED_X,SH-P99-T00-FAP-COMMUNITY-BENEFIT-POLICY,MANY,SH_99_CHNA_NEED_ALL_ADDRESSED_X,SH-P99-T01-FAP-COMMUNITY-BENEFIT-POLICY,MANY,efile_v2_3,3af11bb
/Return/ReturnData/IRS990ScheduleH/HospitalFcltyPoliciesPrctcGrp/AssetLevelInd,SH_99_FAP_FACTOR_ASSET_X,SH-P99-T00-FAP-COMMUNITY-BENEFIT-POLICY,MANY,SH_99_FAP_FACTOR_ASSET_X,SH-P99-T01-FAP-COMMUNITY-BENEFIT-POLICY,MANY,efile_v2_3,3af11bb
/Return/ReturnData/IRS990ScheduleH/HospitalFcltyPoliciesPrctcGrp/AttachedToInvoiceInd,SH_99_FAP_PROV_ATTACH_INVOICE_X,SH-P99-T00-FAP-COMMUNITY-BENEFIT-POLICY,MANY,SH_99_FAP_PROV_ATTACH_INVOICE_X,SH-P99-T01-FAP-COMMUNITY-BENEFIT-POLICY,MANY,efile_v2_3,3af11bb
/Return/ReturnData/IRS990ScheduleH/HospitalFcltyPoliciesPrctcGrp/AvailableOnRequestInd,SH_99_FAP_PROV_REQUEST_X,SH-P99-T00-FAP-COMMUNITY-BENEFIT-POLICY,MANY,SH_99_FAP_PROV_REQUEST_X,SH-P99-T01-FAP-COMMUNITY-BENEFIT-POLICY,MANY,efile_v2_3,3af11bb
/Return/ReturnData/IRS990ScheduleH/HospitalFcltyPoliciesPrctcGrp/AverageNegotiatedRatesInd,SH_99_CHARGE_AVE_RATE_X,SH-P99-T00-FAP-COMMUNITY-BENEFIT-POLICY,MANY,SH_99_CHARGE_AVE_RATE_X,SH-P99-T01-FAP-COMMUNITY-BENEFIT-POLICY,MANY,efile_v2_3,3af11bb
/Return/ReturnData/IRS990ScheduleH/HospitalFcltyPoliciesPrctcGrp/BodyAttachmentsInd,SH_99_BILL_3RD_PARTY_BODY_X,SH-P99-T00-FAP-COMMUNITY-BENEFIT-POLICY,MANY,SH_99_BILL_3RD_PARTY_BODY_X,SH-P99-T01-FAP-COMMUNITY-BENEFIT-POLICY,MANY,efile_v2_3,3af11bb
/Return/ReturnData/IRS990ScheduleH/HospitalFcltyPoliciesPrctcGrp/DevelopCommunityWidePlanInd,SH_99_CHNA_NEED_DEVELOP_PLAN_X,SH-P99-T00-FAP-COMMUNITY-BENEFIT-POLICY,MANY,SH_99_CHNA_NEED_DEVELOP_PLAN_X,SH-P99-T01-FAP-COMMUNITY-BENEFIT-POLICY,MANY,efile_v2_3,3af11bb
/Return/ReturnData/IRS990ScheduleH/HospitalFcltyPoliciesPrctcGrp/DocumentedEligDeterminationInd,SH_99_BILL_NOTIFIED_DOC_X,SH-P99-T00-FAP-COMMUNITY-BENEFIT-POLICY,MANY,SH_99_BILL_NOTIFIED_DOC_X,SH-P99-T01-FAP-COMMUNITY-BENEFIT-POLICY,MANY,efile_v2_3,3af11bb
/Return/ReturnData/IRS990ScheduleH/HospitalFcltyPoliciesPrctcGrp/ExecCommunityWidePlanInd,SH_99_CHNA_NEED_PARTICIPA_PLAN_X,SH-P99-T00-FAP-COMMUNITY-BENEFIT-POLICY,MANY,SH_99_CHNA_NEED_PARTICIPA_PLAN_X,SH-P99-T01-FAP-COMMUNITY-BENEFIT-POLICY,MANY,efile_v2_3,3af11bb
/Return/ReturnData/IRS990ScheduleH/HospitalFcltyPoliciesPrctcGrp/ExecImplementationStrategyInd,SH_99_CHNA_NEED_EXECUTE_IMP_X,SH-P99-T00-FAP-COMMUNITY-BENEFIT-POLICY,MANY,SH_99_CHNA_NEED_EXECUTE_IMP_X,SH-P99-T01-FAP-COMMUNITY-BENEFIT-POLICY,MANY,efile_v2_3,3af11bb
/Return/ReturnData/IRS990ScheduleH/HospitalFcltyPoliciesPrctcGrp/FAPNoticeDisplayedInd,SH_99_FAP_AVBL_NOTICE_DISPLAY_X,SH-P99-T00-FAP-COMMUNITY-BENEFIT-POLICY,MANY,SH_99_FAP_AVBL_NOTICE_DISPLAY_X,SH-P99-T01-FAP-COMMUNITY-BENEFIT-POLICY,MANY,efile_v2_3,3af11bb
/Return/ReturnData/IRS990ScheduleH/HospitalFcltyPoliciesPrctcGrp/FAPNotifiedAllPatientsInd,SH_99_BILL_NOTIFIED_PATIENT_X,SH-P99-T00-FAP-COMMUNITY-BENEFIT-POLICY,MANY,SH_99_BILL_NOTIFIED_PATIENT_X,SH-P99-T01-FAP-COMMUNITY-BENEFIT-POLICY,MANY,efile_v2_3,3af11bb
/Return/ReturnData/IRS990ScheduleH/HospitalFcltyPoliciesPrctcGrp/FAPNotifiedBeforeDischargeInd,SH_99_BILL_NOTIFIED_DISCHARGE_X,SH-P99-T00-FAP-COMMUNITY-BENEFIT-POLICY,MANY,SH_99_BILL_NOTIFIED_DISCHARGE_X,SH-P99-T01-FAP-COMMUNITY-BENEFIT-POLICY,MANY,efile_v2_3,3af11bb
/Return/ReturnData/IRS990ScheduleH/HospitalFcltyPoliciesPrctcGrp/FAPNotifiedUponAdmissionInd,SH_99_BILL_NOTIFIED_ADM_X,SH-P99-T00-FAP-COMMUNITY-BENEFIT-POLICY,MANY,SH_99_BILL_NOTIFIED_ADM_X,SH-P99-T01-FAP-COMMUNITY-BENEFIT-POLICY,MANY,efile_v2_3,3af11bb
/Return/ReturnData/IRS990ScheduleH/HospitalFcltyPoliciesPrctcGrp/FPGUsedDeterEligFreeCareInd,SH_99_FAP_USE_FPG_FREE_CARE_X,SH-P99-T00-FAP-COMMUNITY-BENEFIT-POLICY,MANY,SH_99_FAP_USE_FPG_FREE_CARE_X,SH-P99-T01-FAP-COMMUNITY-BENEFIT-POLICY,MANY,efile_v2_3,3af11bb
/Return/ReturnData/IRS990ScheduleH/HospitalFcltyPoliciesPrctcGrp/FPGUsedDetermEligDscntCareInd,SH_99_FAP_USE_FPG_DCNT_CARE_X,SH-P99-T00-FAP-COMMUNITY-BENEFIT-POLICY,MANY,SH_99_FAP_USE_FPG_DCNT_CARE_X,SH-P99-T01-FAP-COMMUNITY-BENEFIT-POLICY,MANY,efile_v2_3,3af11bb
/Return/ReturnData/IRS990ScheduleH/HospitalFcltyPoliciesPrctcGrp/IncludeOperationalPlanInd,SH_99_CHNA_NEED_INCL_PLAN_X,SH-P99-T00-FAP-COMMUNITY-BENEFIT-POLICY,MANY,SH_99_CHNA_NEED_INCL_PLAN_X,SH-P99-T01-FAP-COMMUNITY-BENEFIT-POLICY,MANY,efile_v2_3,3af11bb
/Return/ReturnData/IRS990ScheduleH/HospitalFcltyPoliciesPrctcGrp/IncomeLevelInd,SH_99_FAP_FACTOR_INCOME_X,SH-P99-T00-FAP-COMMUNITY-BENEFIT-POLICY,MANY,SH_99_FAP_FACTOR_INCOME_X,SH-P99-T01-FAP-COMMUNITY-BENEFIT-POLICY,MANY,efile_v2_3,3af11bb
/Return/ReturnData/IRS990ScheduleH/HospitalFcltyPoliciesPrctcGrp/InsuranceStatusInd,SH_99_FAP_FACTOR_INSURANCE_X,SH-P99-T00-FAP-COMMUNITY-BENEFIT-POLICY,MANY,SH_99_FAP_FACTOR_INSURANCE_X,SH-P99-T01-FAP-COMMUNITY-BENEFIT-POLICY,MANY,efile_v2_3,3af11bb
/Return/ReturnData/IRS990ScheduleH/HospitalFcltyPoliciesPrctcGrp/LawsuitInd,SH_99_BILL_3RD_PARTY_LAWSUIT_X,SH-P99-T00-FAP-COMMUNITY-BENEFIT-POLICY,MANY,SH_99_BILL_3RD_PARTY_LAWSUIT_X,SH-P99-T01-FAP-COMMUNITY-BENEFIT-POLICY,MANY,efile_v2_3,3af11bb
/Return/ReturnData/IRS990ScheduleH/HospitalFcltyPoliciesPrctcGrp/LiensOnResidencesInd,SH_99_BILL_3RD_PARTY_LIEN_X,SH-P99-T00-FAP-COMMUNITY-BENEFIT-POLICY,MANY,SH_99_BILL_3RD_PARTY_LIEN_X,SH-P99-T01-FAP-COMMUNITY-BENEFIT-POLICY,MANY,efile_v2_3,3af11bb
/Return/ReturnData/IRS990ScheduleH/HospitalFcltyPoliciesPrctcGrp/LowestNegotiatedRatesInd,SH_99_CHARGE_LOW_RATE_X,SH-P99-T00-FAP-COMMUNITY-BENEFIT-POLICY,MANY,SH_99_CHARGE_LOW_RATE_X,SH-P99-T01-FAP-COMMUNITY-BENEFIT-POLICY,MANY,efile_v2_3,3af11bb
/Return/ReturnData/IRS990ScheduleH/HospitalFcltyPoliciesPrctcGrp/MedicaidMedicareInd,SH_99_FAP_FACTOR_MEDICAID_X,SH-P99-T00-FAP-COMMUNITY-BENEFIT-POLICY,MANY,SH_99_FAP_FACTOR_MEDICAID_X,SH-P99-T01-FAP-COMMUNITY-BENEFIT-POLICY,MANY,efile_v2_3,3af11bb
/Return/ReturnData/IRS990ScheduleH/HospitalFcltyPoliciesPrctcGrp/MedicalIndigencyInd,SH_99_FAP_FACTOR_INDIGENCY_X,SH-P99-T00-FAP-COMMUNITY-BENEFIT-POLICY,MANY,SH_99_FAP_FACTOR_INDIGENCY_X,SH-P99-T01-FAP-COMMUNITY-BENEFIT-POLICY,MANY,efile_v2_3,3af11bb
/Return/ReturnData/IRS990ScheduleH/HospitalFcltyPoliciesPrctcGrp/MedicareRatesInd,SH_99_CHARGE_MT_MEDICARE_RATE_X,SH-P99-T00-FAP-COMMUNITY-BENEFIT-POLICY,MANY,SH_99_CHARGE_MT_MEDICARE_RATE_X,SH-P99-T01-FAP-COMMUNITY-BENEFIT-POLICY,MANY,efile_v2_3,3af11bb
/Return/ReturnData/IRS990ScheduleH/HospitalFcltyPoliciesPrctcGrp/OtherFactorsInd,SH_99_FAP_FACTOR_OTH_X,SH-P99-T00-FAP-COMMUNITY-BENEFIT-POLICY,MANY,SH_99_FAP_FACTOR_OTH_X,SH-P99-T01-FAP-COMMUNITY-BENEFIT-POLICY,MANY,efile_v2_3,3af11bb
/Return/ReturnData/IRS990ScheduleH/HospitalFcltyPoliciesPrctcGrp/OtherMethodUsedInd,SH_99_CHARGE_OTH_METHOD_X,SH-P99-T00-FAP-COMMUNITY-BENEFIT-POLICY,MANY,SH_99_CHARGE_OTH_METHOD_X,SH-P99-T01-FAP-COMMUNITY-BENEFIT-POLICY,MANY,efile_v2_3,3af11bb
/Return/ReturnData/IRS990ScheduleH/HospitalFcltyPoliciesPrctcGrp/OtherNeedsAddressedInd,SH_99_CHNA_NEED_OTH_X,SH-P99-T00-FAP-COMMUNITY-BENEFIT-POLICY,MANY,SH_99_CHNA_NEED_OTH_X,SH-P99-T01-FAP-COMMUNITY-BENEFIT-POLICY,MANY,efile_v2_3,3af11bb
/Return/ReturnData/IRS990ScheduleH/HospitalFcltyPoliciesPrctcGrp/PermitBodyAttachmentsInd,SH_99_BILL_PERMIT_BODY_ATTACH_X,SH-P99-T00-FAP-COMMUNITY-BENEFIT-POLICY,MANY,SH_99_BILL_PERMIT_BODY_ATTACH_X,SH-P99-T01-FAP-COMMUNITY-BENEFIT-POLICY,MANY,efile_v2_3,3af11bb
/Return/ReturnData/IRS990ScheduleH/HospitalFcltyPoliciesPrctcGrp/PermitLawsuitInd,SH_99_BILL_PERMIT_LAWSUIT_X,SH-P99-T00-FAP-COMMUNITY-BENEFIT-POLICY,MANY,SH_99_BILL_PERMIT_LAWSUIT_X,SH-P99-T01-FAP-COMMUNITY-BENEFIT-POLICY,MANY,efile_v2_3,3af11bb
/Return/ReturnData/IRS990ScheduleH/HospitalFcltyPoliciesPrctcGrp/PermitLienOnResidenceInd,SH_99_BILL_PERMIT_LIEN_X,SH-P99-T00-FAP-COMMUNITY-BENEFIT-POLICY,MANY,SH_99_BILL_PERMIT_LIEN_X,SH-P99-T01-FAP-COMMUNITY-BENEFIT-POLICY,MANY,efile_v2_3,3af11bb
/Return/ReturnData/IRS990ScheduleH/HospitalFcltyPoliciesPrctcGrp/PostedInAdmissionOfficeInd,SH_99_FAP_PROV_ADM_OFFICE_X,SH-P99-T00-FAP-COMMUNITY-BENEFIT-POLICY,MANY,SH_99_FAP_PROV_ADM_OFFICE_X,SH-P99-T01-FAP-COMMUNITY-BENEFIT-POLICY,MANY,efile_v2_3,3af11bb
/Return/ReturnData/IRS990ScheduleH/HospitalFcltyPoliciesPrctcGrp/PostedInEmergencyRoomInd,SH_99_FAP_PROV_EMERGENCY_ROOM_X,SH-P99-T00-FAP-COMMUNITY-BENEFIT-POLICY,MANY,SH_99_FAP_PROV_EMERGENCY_ROOM_X,SH-P99-T01-FAP-COMMUNITY-BENEFIT-POLICY,MANY,efile_v2_3,3af11bb
/Return/ReturnData/IRS990ScheduleH/HospitalFcltyPoliciesPrctcGrp/PostedOnWebsiteInd,SH_99_FAP_PROV_WEBSITE_X,SH-P99-T00-FAP-COMMUNITY-BENEFIT-POLICY,MANY,SH_99_FAP_PROV_WEBSITE_X,SH-P99-T01-FAP-COMMUNITY-BENEFIT-POLICY,MANY,efile_v2_3,3af11bb
/Return/ReturnData/IRS990ScheduleH/HospitalFcltyPoliciesPrctcGrp/PrioritizeHealthNeedsInd,SH_99_CHNA_NEED_PRIORITIZA_X,SH-P99-T00-FAP-COMMUNITY-BENEFIT-POLICY,MANY,SH_99_CHNA_NEED_PRIORITIZA_X,SH-P99-T01-FAP-COMMUNITY-BENEFIT-POLICY,MANY,efile_v2_3,3af11bb
/Return/ReturnData/IRS990ScheduleH/HospitalFcltyPoliciesPrctcGrp/PrioritizeServicesInd,SH_99_CHNA_NEED_PRIORITIZA_SVC_X,SH-P99-T00-FAP-COMMUNITY-BENEFIT-POLICY,MANY,SH_99_CHNA_NEED_PRIORITIZA_SVC_X,SH-P99-T01-FAP-COMMUNITY-BENEFIT-POLICY,MANY,efile_v2_3,3af11bb
/Return/ReturnData/IRS990ScheduleH/HospitalFcltyPoliciesPrctcGrp/ProvidedOnAdmissionInd,SH_99_FAP_PROV_ADM_X,SH-P99-T00-FAP-COMMUNITY-BENEFIT-POLICY,MANY,SH_99_FAP_PROV_ADM_X,SH-P99-T01-FAP-COMMUNITY-BENEFIT-POLICY,MANY,efile_v2_3,3af11bb
/Return/ReturnData/IRS990ScheduleH/HospitalFcltyPoliciesPrctcGrp/ResidencyInd,SH_99_FAP_FACTOR_RESIDENCY_X,SH-P99-T00-FAP-COMMUNITY-BENEFIT-POLICY,MANY,SH_99_FAP_FACTOR_RESIDENCY_X,SH-P99-T01-FAP-COMMUNITY-BENEFIT-POLICY,MANY,efile_v2_3,3af11bb
/Return/ReturnData/IRS990ScheduleH/HospitalFcltyPoliciesPrctcGrp/RptAvailableUponRequestInd,SH_99_CHNA_AVBL_REQUEST_X,SH-P99-T00-FAP-COMMUNITY-BENEFIT-POLICY,MANY,SH_99_CHNA_AVBL_REQUEST_X,SH-P99-T01-FAP-COMMUNITY-BENEFIT-POLICY,MANY,efile_v2_3,3af11bb
/Return/ReturnData/IRS990ScheduleH/HospitalFcltyPoliciesPrctcGrp/StateRegulationInd,SH_99_FAP_FACTOR_STATE_REG_X,SH-P99-T00-FAP-COMMUNITY-BENEFIT-POLICY,MANY,SH_99_FAP_FACTOR_STATE_REG_X,SH-P99-T01-FAP-COMMUNITY-BENEFIT-POLICY,MANY,efile_v2_3,3af11bb
/Return/ReturnData/IRS990ScheduleH/HospitalFcltyPoliciesPrctcGrp/UninsuredDiscountInd,SH_99_FAP_FACTOR_UNINSURED_X,SH-P99-T00-FAP-COMMUNITY-BENEFIT-POLICY,MANY,SH_99_FAP_FACTOR_UNINSURED_X,SH-P99-T01-FAP-COMMUNITY-BENEFIT-POLICY,MANY,efile_v2_3,3af11bb
/Return/ReturnHeader/AdditionalFilerInformation/TrustedCustomerGrp/PaymentDeclinedReasonCd,,,,F9_00_IRS_TRUST_PAY_DECLINED_CD,F9-P00-T00-HEADER,ONE,efile_v2_3,3af11bb
/Return/ReturnHeader/AdditionalFilerInformation/TrustedCustomerGrp/ProfileCellPhoneNumChangeInd,,,,F9_00_IRS_TRUST_CELL_CHANGE_X,F9-P00-T00-HEADER,ONE,efile_v2_3,3af11bb
/Return/ReturnHeader/FilingSecurityInformation/AuthenticationReviewCd,,,,F9_00_IRS_SEC_AUTH_REVIEW_CD,F9-P00-T00-HEADER,ONE,efile_v2_3,3af11bb
/Return/ReturnHeader/FilingSecurityInformation/AuthenticationReviewTxt,,,,F9_00_IRS_SEC_AUTH_REVIEW_TXT,F9-P00-T00-HEADER,ONE,efile_v2_3,3af11bb
/Return/ReturnHeader/FilingSecurityInformation/TotActiveTimePrepSubmissionTs,,,,F9_00_IRS_SEC_ACTIVE_PREP_TIME,F9-P00-T00-HEADER,ONE,efile_v2_3,3af11bb
/Return/ReturnHeader/FilingSecurityInformation/TotalPreparationSubmissionTs,,,,F9_00_IRS_SEC_PREP_SUBMIT_TIME,F9-P00-T00-HEADER,ONE,efile_v2_3,3af11bb
/Return/ReturnHeader/FilingSecurityInformation/VendorControlNum,,,,F9_00_IRS_SEC_VENDOR_CTRL_NUM,F9-P00-T00-HEADER,ONE,efile_v2_3,3af11bb
/Return/ReturnData/IRS990PF/SumOfProgramRelatedInvestments/AllOthProgRltdInvestmentsTotal,PF_09_PROG_RLTD_INVEST_AMT_3,PF-P09-T02-PROG-RELATED-INVESTMENTS,ONE,PF_09_PROG_RLTD_INVEST_AMT_3,PF-P09-T00-PROG-RELATED-INVESTMENTS,ONE,efilepf_v2_3,56cbffa
/Return/ReturnData/IRS990PF/SumOfProgramRelatedInvestments/Amount1,PF_09_PROG_RLTD_INVEST_AMT_1,PF-P09-T02-PROG-RELATED-INVESTMENTS,ONE,PF_09_PROG_RLTD_INVEST_AMT_1,PF-P09-T00-PROG-RELATED-INVESTMENTS,ONE,efilepf_v2_3,56cbffa
/Return/ReturnData/IRS990PF/SumOfProgramRelatedInvestments/Amount2,PF_09_PROG_RLTD_INVEST_AMT_2,PF-P09-T02-PROG-RELATED-INVESTMENTS,ONE,PF_09_PROG_RLTD_INVEST_AMT_2,PF-P09-T00-PROG-RELATED-INVESTMENTS,ONE,efilepf_v2_3,56cbffa
/Return/ReturnData/IRS990PF/SumOfProgramRelatedInvestments/Description1,PF_09_PROG_RLTD_INVEST_DESC_1,PF-P09-T02-PROG-RELATED-INVESTMENTS,ONE,PF_09_PROG_RLTD_INVEST_DESC_1,PF-P09-T00-PROG-RELATED-INVESTMENTS,ONE,efilepf_v2_3,56cbffa
/Return/ReturnData/IRS990PF/SumOfProgramRelatedInvestments/Description2,PF_09_PROG_RLTD_INVEST_DESC_2,PF-P09-T02-PROG-RELATED-INVESTMENTS,ONE,PF_09_PROG_RLTD_INVEST_DESC_2,PF-P09-T00-PROG-RELATED-INVESTMENTS,ONE,efilepf_v2_3,56cbffa
/Return/ReturnData/IRS990PF/SumOfProgramRelatedInvstGrp/AllOtherProgramRltdInvstTotAmt,PF_09_PROG_RLTD_INVEST_AMT_3,PF-P09-T02-PROG-RELATED-INVESTMENTS,ONE,PF_09_PROG_RLTD_INVEST_AMT_3,PF-P09-T00-PROG-RELATED-INVESTMENTS,ONE,efilepf_v2_3,56cbffa
/Return/ReturnData/IRS990PF/SumOfProgramRelatedInvstGrp/Description1Txt,PF_09_PROG_RLTD_INVEST_DESC_1,PF-P09-T02-PROG-RELATED-INVESTMENTS,ONE,PF_09_PROG_RLTD_INVEST_DESC_1,PF-P09-T00-PROG-RELATED-INVESTMENTS,ONE,efilepf_v2_3,56cbffa
/Return/ReturnData/IRS990PF/SumOfProgramRelatedInvstGrp/Description2Txt,PF_09_PROG_RLTD_INVEST_DESC_2,PF-P09-T02-PROG-RELATED-INVESTMENTS,ONE,PF_09_PROG_RLTD_INVEST_DESC_2,PF-P09-T00-PROG-RELATED-INVESTMENTS,ONE,efilepf_v2_3,56cbffa
/Return/ReturnData/IRS990PF/SumOfProgramRelatedInvstGrp/Expenses1Amt,PF_09_PROG_RLTD_INVEST_AMT_1,PF-P09-T02-PROG-RELATED-INVESTMENTS,ONE,PF_09_PROG_RLTD_INVEST_AMT_1,PF-P09-T00-PROG-RELATED-INVESTMENTS,ONE,efilepf_v2_3,56cbffa
/Return/ReturnData/IRS990PF/SumOfProgramRelatedInvstGrp/Expenses2Amt,PF_09_PROG_RLTD_INVEST_AMT_2,PF-P09-T02-PROG-RELATED-INVESTMENTS,ONE,PF_09_PROG_RLTD_INVEST_AMT_2,PF-P09-T00-PROG-RELATED-INVESTMENTS,ONE,efilepf_v2_3,56cbffa
/Return/ReturnData/IRS990PF/SummaryOfDirectCharitableActy/Description1,PF_09_CHARIT_ACT_DESC_1,PF-P09-T01-CHARITABLE-ACTIVITIES,ONE,PF_09_CHARIT_ACT_DESC_1,PF-P09-T00-CHARITABLE-ACTIVITIES,ONE,efilepf_v2_3,56cbffa
/Return/ReturnData/IRS990PF/SummaryOfDirectCharitableActy/Description2,PF_09_CHARIT_ACT_DESC_2,PF-P09-T01-CHARITABLE-ACTIVITIES,ONE,PF_09_CHARIT_ACT_DESC_2,PF-P09-T00-CHARITABLE-ACTIVITIES,ONE,efilepf_v2_3,56cbffa
/Return/ReturnData/IRS990PF/SummaryOfDirectCharitableActy/Description3,PF_09_CHARIT_ACT_DESC_3,PF-P09-T01-CHARITABLE-ACTIVITIES,ONE,PF_09_CHARIT_ACT_DESC_3,PF-P09-T00-CHARITABLE-ACTIVITIES,ONE,efilepf_v2_3,56cbffa
/Return/ReturnData/IRS990PF/SummaryOfDirectCharitableActy/Description4,PF_09_CHARIT_ACT_DESC_4,PF-P09-T01-CHARITABLE-ACTIVITIES,ONE,PF_09_CHARIT_ACT_DESC_4,PF-P09-T00-CHARITABLE-ACTIVITIES,ONE,efilepf_v2_3,56cbffa
/Return/ReturnData/IRS990PF/SummaryOfDirectCharitableActy/Expenses1,PF_09_CHARIT_ACT_EXP_1,PF-P09-T01-CHARITABLE-ACTIVITIES,ONE,PF_09_CHARIT_ACT_EXP_1,PF-P09-T00-CHARITABLE-ACTIVITIES,ONE,efilepf_v2_3,56cbffa
/Return/ReturnData/IRS990PF/SummaryOfDirectCharitableActy/Expenses2,PF_09_CHARIT_ACT_EXP_2,PF-P09-T01-CHARITABLE-ACTIVITIES,ONE,PF_09_CHARIT_ACT_EXP_2,PF-P09-T00-CHARITABLE-ACTIVITIES,ONE,efilepf_v2_3,56cbffa
/Return/ReturnData/IRS990PF/SummaryOfDirectCharitableActy/Expenses3,PF_09_CHARIT_ACT_EXP_3,PF-P09-T01-CHARITABLE-ACTIVITIES,ONE,PF_09_CHARIT_ACT_EXP_3,PF-P09-T00-CHARITABLE-ACTIVITIES,ONE,efilepf_v2_3,56cbffa
/Return/ReturnData/IRS990PF/SummaryOfDirectCharitableActy/Expenses4,PF_09_CHARIT_ACT_EXP_4,PF-P09-T01-CHARITABLE-ACTIVITIES,ONE,PF_09_CHARIT_ACT_EXP_4,PF-P09-T00-CHARITABLE-ACTIVITIES,ONE,efilepf_v2_3,56cbffa
/Return/ReturnData/IRS990PF/SummaryOfDirectChrtblActyGrp/Description1Txt,PF_09_CHARIT_ACT_DESC_1,PF-P09-T01-CHARITABLE-ACTIVITIES,ONE,PF_09_CHARIT_ACT_DESC_1,PF-P09-T00-CHARITABLE-ACTIVITIES,ONE,efilepf_v2_3,56cbffa
/Return/ReturnData/IRS990PF/SummaryOfDirectChrtblActyGrp/Description2Txt,PF_09_CHARIT_ACT_DESC_2,PF-P09-T01-CHARITABLE-ACTIVITIES,ONE,PF_09_CHARIT_ACT_DESC_2,PF-P09-T00-CHARITABLE-ACTIVITIES,ONE,efilepf_v2_3,56cbffa
/Return/ReturnData/IRS990PF/SummaryOfDirectChrtblActyGrp/Description3Txt,PF_09_CHARIT_ACT_DESC_3,PF-P09-T01-CHARITABLE-ACTIVITIES,ONE,PF_09_CHARIT_ACT_DESC_3,PF-P09-T00-CHARITABLE-ACTIVITIES,ONE,efilepf_v2_3,56cbffa
/Return/ReturnData/IRS990PF/SummaryOfDirectChrtblActyGrp/Description4Txt,PF_09_CHARIT_ACT_DESC_4,PF-P09-T01-CHARITABLE-ACTIVITIES,ONE,PF_09_CHARIT_ACT_DESC_4,PF-P09-T00-CHARITABLE-ACTIVITIES,ONE,efilepf_v2_3,56cbffa
/Return/ReturnData/IRS990PF/SummaryOfDirectChrtblActyGrp/Expenses1Amt,PF_09_CHARIT_ACT_EXP_1,PF-P09-T01-CHARITABLE-ACTIVITIES,ONE,PF_09_CHARIT_ACT_EXP_1,PF-P09-T00-CHARITABLE-ACTIVITIES,ONE,efilepf_v2_3,56cbffa
/Return/ReturnData/IRS990PF/SummaryOfDirectChrtblActyGrp/Expenses2Amt,PF_09_CHARIT_ACT_EXP_2,PF-P09-T01-CHARITABLE-ACTIVITIES,ONE,PF_09_CHARIT_ACT_EXP_2,PF-P09-T00-CHARITABLE-ACTIVITIES,ONE,efilepf_v2_3,56cbffa
/Return/ReturnData/IRS990PF/SummaryOfDirectChrtblActyGrp/Expenses3Amt,PF_09_CHARIT_ACT_EXP_3,PF-P09-T01-CHARITABLE-ACTIVITIES,ONE,PF_09_CHARIT_ACT_EXP_3,PF-P09-T00-CHARITABLE-ACTIVITIES,ONE,efilepf_v2_3,56cbffa
/Return/ReturnData/IRS990PF/SummaryOfDirectChrtblActyGrp/Expenses4Amt,PF_09_CHARIT_ACT_EXP_4,PF-P09-T01-CHARITABLE-ACTIVITIES,ONE,PF_09_CHARIT_ACT_EXP_4,PF-P09-T00-CHARITABLE-ACTIVITIES,ONE,efilepf_v2_3,56cbffa
/Return/ReturnData/InvestmentsGovtObligationsSch/StateLocalSecBookVlEOYAmt,PF_AX25_INVEST_STATE_SEC_EOY_BV,PF-P99-T25-INVEST-GOVT-SEC,ONE,PF_AX25_INVEST_STATE_SEC_EOY_BV,PF-P99-T25-INVEST-GOVT-SEC,MANY,efilepf_v2_3,56cbffa
/Return/ReturnData/InvestmentsGovtObligationsSch/StateLocalSecEOYFMVAmt,PF_AX25_INVEST_STATE_SEC_EOY_FMV,PF-P99-T25-INVEST-GOVT-SEC,ONE,PF_AX25_INVEST_STATE_SEC_EOY_FMV,PF-P99-T25-INVEST-GOVT-SEC,MANY,efilepf_v2_3,56cbffa
/Return/ReturnData/InvestmentsGovtObligationsSch/StateLocalSecuritiesEOYBookVal,PF_AX25_INVEST_STATE_SEC_EOY_BV,PF-P99-T25-INVEST-GOVT-SEC,ONE,PF_AX25_INVEST_STATE_SEC_EOY_BV,PF-P99-T25-INVEST-GOVT-SEC,MANY,efilepf_v2_3,56cbffa
/Return/ReturnData/InvestmentsGovtObligationsSch/StateLocalSecuritiesEOYFMV,PF_AX25_INVEST_STATE_SEC_EOY_FMV,PF-P99-T25-INVEST-GOVT-SEC,ONE,PF_AX25_INVEST_STATE_SEC_EOY_FMV,PF-P99-T25-INVEST-GOVT-SEC,MANY,efilepf_v2_3,56cbffa
/Return/ReturnData/InvestmentsGovtObligationsSch/USGovtObligationsBookVlEOYAmt,PF_AX25_INVEST_GOVT_SEC_EOY_BV,PF-P99-T25-INVEST-GOVT-SEC,ONE,PF_AX25_INVEST_GOVT_SEC_EOY_BV,PF-P99-T25-INVEST-GOVT-SEC,MANY,efilepf_v2_3,56cbffa
/Return/ReturnData/InvestmentsGovtObligationsSch/USGovtObligationsEOYFMVAmt,PF_AX25_INVEST_GOVT_SEC_EOY_FMV,PF-P99-T25-INVEST-GOVT-SEC,ONE,PF_AX25_INVEST_GOVT_SEC_EOY_FMV,PF-P99-T25-INVEST-GOVT-SEC,MANY,efilepf_v2_3,56cbffa
/Return/ReturnData/InvestmentsGovtObligationsSch/USGovtSecuritiesEOYBookValue,PF_AX25_INVEST_GOVT_SEC_EOY_BV,PF-P99-T25-INVEST-GOVT-SEC,ONE,PF_AX25_INVEST_GOVT_SEC_EOY_BV,PF-P99-T25-INVEST-GOVT-SEC,MANY,efilepf_v2_3,56cbffa
/Return/ReturnData/InvestmentsGovtObligationsSch/USGovtSecuritiesEOYFMV,PF_AX25_INVEST_GOVT_SEC_EOY_FMV,PF-P99-T25-INVEST-GOVT-SEC,ONE,PF_AX25_INVEST_GOVT_SEC_EOY_FMV,PF-P99-T25-INVEST-GOVT-SEC,MANY,efilepf_v2_3,56cbffa
/Return/ReturnHeader/AdditionalFilerInformation/TrustedCustomerGrp/PaymentDeclinedReasonCd,,,,F9_00_IRS_TRUST_PAY_DECLINED_CD,F9-P00-T00-HEADER,ONE,efilepf_v2_3,56cbffa
/Return/ReturnHeader/AdditionalFilerInformation/TrustedCustomerGrp/ProfileCellPhoneNumChangeInd,,,,F9_00_IRS_TRUST_CELL_CHANGE_X,F9-P00-T00-HEADER,ONE,efilepf_v2_3,56cbffa
/Return/ReturnHeader/FilingSecurityInformation/AuthenticationReviewCd,,,,F9_00_IRS_SEC_AUTH_REVIEW_CD,F9-P00-T00-HEADER,ONE,efilepf_v2_3,56cbffa
/Return/ReturnHeader/FilingSecurityInformation/AuthenticationReviewTxt,,,,F9_00_IRS_SEC_AUTH_REVIEW_TXT,F9-P00-T00-HEADER,ONE,efilepf_v2_3,56cbffa
/Return/ReturnHeader/FilingSecurityInformation/TotActiveTimePrepSubmissionTs,,,,F9_00_IRS_SEC_ACTIVE_PREP_TIME,F9-P00-T00-HEADER,ONE,efilepf_v2_3,56cbffa
/Return/ReturnHeader/FilingSecurityInformation/TotalPreparationSubmissionTs,,,,F9_00_IRS_SEC_PREP_SUBMIT_TIME,F9-P00-T00-HEADER,ONE,efilepf_v2_3,56cbffa
/Return/ReturnHeader/FilingSecurityInformation/VendorControlNum,,,,F9_00_IRS_SEC_VENDOR_CTRL_NUM,F9-P00-T00-HEADER,ONE,efilepf_v2_3,56cbffa
