rdb_table,v1_rel,v2_rel,status
F9-P00-T00-HEADER,ONE,ONE,kept
F9-P00-T01-AFFILIATE-LISTING,,MANY,new
F9-P01-T00-SUMMARY,ONE,ONE,kept
F9-P01-T00-SUMMARY-EZ,ONE,ONE,kept
F9-P02-T00-SIGNATURE,ONE,ONE,kept
F9-P03-T00-MISSION,ONE,ONE,kept
F9-P03-T00-PROGRAM-ONE,ONE,ONE,kept
F9-P03-T00-PROGRAM-THREE,ONE,ONE,kept
F9-P03-T00-PROGRAM-TWO,ONE,ONE,kept
F9-P03-T00-PROGRAMS,ONE,ONE,kept
F9-P03-T01-PROGRAMS-OTHER,MANY,MANY,kept
F9-P03-T02-PROGRAMS-EZ,MANY,MANY,kept
F9-P04-T00-REQUIRED-SCHEDULES,ONE,ONE,kept
F9-P04-T00-REQUIRED-SCHEDULES-EZ,ONE,ONE,kept
F9-P05-T00-OTHER-IRS-FILING,ONE,ONE,kept
F9-P06-T00-GOVERNANCE,ONE,ONE,kept
F9-P06-T00-GOVERNANCE-EZ,ONE,ONE,kept
F9-P07-T00-DIR-TRUST-KEY,ONE,ONE,kept
F9-P07-T01-COMPENSATION,MANY,MANY,kept
F9-P07-T01-COMPENSATION-HCE-EZ,MANY,MANY,kept
F9-P07-T02-CONTRACTORS,MANY,MANY,kept
F9-P08-T00-REVENUE,ONE,ONE,kept
F9-P08-T01-REVENUE-PROGRAMS,MANY,MANY,kept
F9-P08-T02-REVENUE-MISC,MANY,MANY,kept
F9-P09-T00-EXPENSES,ONE,ONE,kept
F9-P09-T01-EXPENSES-OTHER,MANY,MANY,kept
F9-P10-T00-BALANCE-SHEET,ONE,ONE,kept
F9-P11-T00-ASSETS,ONE,ONE,kept
F9-P12-T00-FINANCIAL-REPORTING,ONE,ONE,kept
PF-P00-T00-HEADER,,ONE,new
PF-P01-T00-REVENUE-EXPENSE,,ONE,new
PF-P02-T00-BALANCE-SHEET,,ONE,new
PF-P03-T00-NET-ASSET-FUND-BALANCE-CHANGE,,ONE,new
PF-P04-T00-INVEST-INCOME-TAX-CAPITAL-GAINLOSS,,ONE,new
PF-P04-T01-INVEST-INCOME-TAX-CAPITAL-GAINLOSS,,MANY,new
PF-P05-T00-NET-INVEST-INCOME-TAX-4940E,,ONE,new
PF-P06-T00-INVEST-INCOME-EXCISE-TAX,,ONE,new
PF-P07-T00-ACTIVITIES,,ONE,new
PF-P07-T00-ACTIVITIES-4720,,ONE,new
PF-P08-T00-COMPENSATION-CONTRACTORS,,ONE,new
PF-P08-T00-COMPENSATION-HIGHEST,,ONE,new
PF-P08-T01-COMPENSATION,,MANY,new
PF-P08-T02-COMPENSATION-HIGHEST,,MANY,new
PF-P08-T03-COMPENSATION-CONTRACTORS,,MANY,new
PF-P09-T00-CHARITABLE-ACTIVITIES,,ONE,new
PF-P09-T00-PROG-RELATED-INVESTMENTS,,ONE,new
PF-P10-T00-MINIMUM-INVESTMENT-RETURN,,ONE,new
PF-P11-T00-DISTRIBUTABLE-AMOUNT,,ONE,new
PF-P12-T00-QUALIFYING-DISTRIBUTIONS,,ONE,new
PF-P13-T00-UNDISTRIBUTED-INCOME,,ONE,new
PF-P14-T00-PRIVATE-OPERATING-FOUNDATIONS,,ONE,new
PF-P15-T00-SUPPLEMENTARY-INFO,,ONE,new
PF-P15-T00-SUPPLEMENTARY-INFO-GRANT-FUTURE,,ONE,new
PF-P15-T00-SUPPLEMENTARY-INFO-GRANT-PAID,,ONE,new
PF-P15-T01-SUPPLEMENTARY-INFO-GRANT-PAID,,MANY,new
PF-P15-T02-SUPPLEMENTARY-INFO-GRANT-FUTURE,,MANY,new
PF-P15-T03-SUPPLEMENTARY-INFO-GRANT-APP,,MANY,new
PF-P16-T00-INCOME-PRODUCING-ACTS,,ONE,new
PF-P16-T01-INCOME-PRODUCING-ACTS,,MANY,new
PF-P16-T02-INCOME-PRODUCING-ACTS,,MANY,new
PF-P16-T03-ACTS-RELATIONSHIP-EXEMPT-PURPOSE,,MANY,new
PF-P17-T00-RELATIONSHIPS,,ONE,new
PF-P17-T00-TRANSFERS-TRANSACTIONS,,ONE,new
PF-P17-T01-TRANSFERS-TRANSACTIONS,,MANY,new
PF-P17-T02-RELATIONSHIPS,,MANY,new
PF-P99-T00-AUXILLIARY,,ONE,new
PF-P99-T01-ACC-FEES,,MANY,new
PF-P99-T03-PROG-INVEST-OTH,,MANY,new
PF-P99-T04-AMORTIZATION,,MANY,new
PF-P99-T06-FUND-BORROWED,,MANY,new
PF-P99-T09-COMP,,MANY,new
PF-P99-T10-COMP-KONTR,,MANY,new
PF-P99-T11-DEPREC,,MANY,new
PF-P99-T12-DISSOLUTION,,MANY,new
PF-P99-T14-COMP-EMPL,,MANY,new
PF-P99-T16-EXP-RESPONSIBILITY,,MANY,new
PF-P99-T19-SALE-NONPUB-SEC,,MANY,new
PF-P99-T20-SALE-OTH-ASSET,,MANY,new
PF-P99-T21-SALE-PUB-SEC,,MANY,new
PF-P99-T22-SUPPLEMENTAL-INFO,,MANY,new
PF-P99-T23-INVEST-CORP-BOND,,MANY,new
PF-P99-T24-INVEST-CORP-STOCK,,MANY,new
PF-P99-T25-INVEST-GOVT-SEC,,MANY,new
PF-P99-T26-INVEST-LAND,,MANY,new
PF-P99-T27-INVEST-OTH,,MANY,new
PF-P99-T28-LAND-ETC,,MANY,new
PF-P99-T29-LEGAL-FEES,,MANY,new
PF-P99-T31-LOAN-OFF,,MANY,new
PF-P99-T32-MTG-NOTE,,MANY,new
PF-P99-T33-ASSET-OTH,,MANY,new
PF-P99-T34-NETASSET-CHANGE,,MANY,new
PF-P99-T35-DECREASE-OTH,,MANY,new
PF-P99-T36-EXP-OTH,,MANY,new
PF-P99-T37-INCOME-OTH,,MANY,new
PF-P99-T38-INCREASE-OTH,,MANY,new
PF-P99-T39-LIAB-OTH,,MANY,new
PF-P99-T40-NOTE-LOAN-OTH-LONG,,MANY,new
PF-P99-T41-NOTE-LOAN-OTH-SHORT,,MANY,new
PF-P99-T42-PROF-FEES-OTH,,MANY,new
PF-P99-T43-OFF-OTH,,MANY,new
PF-P99-T46-SALE-INV,,MANY,new
PF-P99-T48-CONTRIBUTOR,,MANY,new
PF-P99-T49-TAXES,,MANY,new
PF-P99-T51-TRANSFER-FROM-CE,,MANY,new
PF-P99-T52-TRANSFER-TO-CE,,MANY,new
SA-P00-T00-HEADER,ONE,ONE,kept
SA-P01-T00-PUBLIC-CHARITY-STATUS,ONE,ONE,kept
SA-P01-T01-PUBLIC-CHARITY-STATUS,MANY,MANY,kept
SA-P01-T02-HOSPITAL-NAME-ADDRESS,,MANY,new
SA-P01-T03-AGRI-RESEARCH-UNIV,,MANY,new
SA-P02-T00-SUPPORT_SCHEDULE_170,ONE,ONE,kept
SA-P03-T00-SUPPORT_SCHEDULE_509,ONE,ONE,kept
SA-P04-T00-SUPPORT-ORGS,ONE,ONE,kept
SA-P05-T00-SUPPORT-ORGS,ONE,ONE,kept
SA-P06-T99-SUPPLEMENTAL-INFO,ONE,MANY,relationship_changed
SB-P00-T00-HEADER,,ONE,new
SB-P01-T01-CONTRIBUTORS,MANY,MANY,kept
SB-P02-T01-NONCASH-PROPERTY,,MANY,new
SB-P03-T00-EXCLUSIVELY-RELIGIOUS,,ONE,new
SB-P03-T01-EXCLUSIVELY-RELIGIOUS,,MANY,new
SC-P01-T00-LOBBY,ONE,ONE,kept
SC-P01-T01-POLITICAL-ORGS-INFO,MANY,MANY,kept
SC-P02-T00-LOBBY,ONE,ONE,kept
SC-P02-T01-AFFILIATED-GROUP,,MANY,new
SC-P03-T00-LOBBY,ONE,ONE,kept
SC-P04-T99-SUPPLEMENTAL-INFO,ONE,MANY,relationship_changed
SD-P01-T00-ORGS-DONOR-ADVISED-FUNDS-OTH,ONE,ONE,kept
SD-P02-T00-CONSERV-EASEMENTS,ONE,ONE,kept
SD-P03-T00-ORGS-COLLECT-ART-HIST-TREASURE-OTH,ONE,ONE,kept
SD-P04-T00-ESCROW-CUSTODIAL-ARRANGEMENTS,ONE,ONE,kept
SD-P05-T00-ENDOWMENT,ONE,ONE,kept
SD-P06-T00-LAND-BLDG-EQUIP,ONE,ONE,kept
SD-P07-T00-INVESTMENTS-OTH-DERIVATIVES,,ONE,new
SD-P07-T00-INVESTMENTS-OTH-EQUITY,,ONE,new
SD-P07-T00-INVESTMENTS-SECURITIES,ONE,ONE,kept
SD-P07-T01-INVESTMENTS-OTH-DERIVATIVES,MANY,,removed
SD-P07-T01-INVESTMENTS-OTH-EQUITY,MANY,,removed
SD-P07-T01-INVESTMENTS-OTH-SECURITIES,MANY,MANY,kept
SD-P08-T00-INVESTMENTS-PROG-RLTD,ONE,ONE,kept
SD-P08-T01-INVESTMENTS-PROG-RLTD,MANY,MANY,kept
SD-P09-T00-OTH-ASSETS,ONE,ONE,kept
SD-P09-T01-OTH-ASSETS,MANY,MANY,kept
SD-P10-T00-OTH-LIABILITIES,ONE,ONE,kept
SD-P10-T01-OTH-LIABILITIES,MANY,MANY,kept
SD-P11-T00-RECONCILIATION-REVENUE,ONE,ONE,kept
SD-P12-T00-RECONCILIATION-EXPENSES,ONE,ONE,kept
SD-P13-T99-SUPPLEMENTAL-INFO,ONE,MANY,relationship_changed
SD-P99-T00-RECONCILIATION-NETASSETS,ONE,ONE,kept
SE-P01-T00-SCHOOLS,ONE,ONE,kept
SE-P02-T99-SUPPLEMENTAL-INFO,ONE,MANY,relationship_changed
SF-P01-T00-FRGN-ACTS,ONE,ONE,kept
SF-P01-T01-FRGN-ACTS-BY-REGION,MANY,MANY,kept
SF-P02-T00-FRGN-ORG-GRANTS,ONE,ONE,kept
SF-P02-T01-FRGN-ORG-GRANTS,MANY,MANY,kept
SF-P03-T01-FRGN-INDIV-GRANTS,MANY,MANY,kept
SF-P04-T00-FRGN-INTERESTS,ONE,ONE,kept
SF-P05-T99-EXPLANATION-TEXT,ONE,MANY,relationship_changed
SF-P99-T00-FRGN-ORG-GRANTS,ONE,ONE,kept
SG-P01-T00-FUNDRAISING-ACTS,ONE,ONE,kept
SG-P01-T01-FUNDRAISERS-INFO,MANY,MANY,kept
SG-P02-T00-FUNDRAISING-EVENTS,ONE,ONE,kept
SG-P02-T01-FUNDRAISING-EVENTS,MANY,,removed
SG-P03-T00-GAMING,ONE,ONE,kept
SG-P04-T99-SUPPLEMENTAL-INFO,ONE,MANY,relationship_changed
SH-P01-T00-FAP-COMMUNITY-BENEFIT-POLICY,ONE,ONE,kept
SH-P02-T00-FAP-COMMUNITY-BENEFIT-POLICY,ONE,ONE,kept
SH-P03-T00-FAP-COMMUNITY-BENEFIT-POLICY,ONE,ONE,kept
SH-P04-T01-COMPANY-JOINT-VENTURES,MANY,MANY,kept
SH-P05-T00-FAP-COMMUNITY-BENEFIT-POLICY,ONE,ONE,kept
SH-P05-T01-HOSPITAL-FACILITY,MANY,MANY,kept
SH-P05-T02-NON-HOSPITAL-FACILITY,MANY,MANY,kept
SH-P05-T03-FACILITY-POLICIES-PRACTICES,,MANY,new
SH-P05-T99-SUPPLEMENTAL-INFO,ONE,MANY,relationship_changed
SH-P06-T99-SUPPLEMENTAL-INFO,ONE,MANY,relationship_changed
SH-P99-T00-FAP-COMMUNITY-BENEFIT-POLICY,ONE,,removed
SH-P99-T01-FAP-COMMUNITY-BENEFIT-POLICY,,MANY,new
SI-P01-T00-GRANTS-INFO,ONE,ONE,kept
SI-P02-T00-GRANTS-US-ORGS-GOVTS,ONE,ONE,kept
SI-P02-T01-GRANTS-US-ORGS-GOVTS,MANY,MANY,kept
SI-P03-T01-GRANTS-US-INDIV,MANY,MANY,kept
SI-P04-T99-SUPPLEMENTAL-INFO,ONE,MANY,relationship_changed
SI-P99-T00-GRANTS-US-ORGS-GOVTS,ONE,ONE,kept
SJ-P01-T00-COMPENSATION,ONE,ONE,kept
SJ-P02-T01-COMPENSATION-DTK,MANY,MANY,kept
SJ-P03-T99-SUPPLEMENTAL-INFO,ONE,MANY,relationship_changed
SK-P01-T01-BOND-ISSUES,MANY,MANY,kept
SK-P02-T01-BOND-PROCEEDS,MANY,MANY,kept
SK-P03-T01-BOND-PRIVATE-BIZ-USE,MANY,MANY,kept
SK-P04-T01-BOND-ARBITRAGE,MANY,MANY,kept
SK-P05-T01-PROCEDURE-CORRECTIVE-ACT,MANY,MANY,kept
SK-P06-T99-SUPPLEMENTAL-INFO,ONE,MANY,relationship_changed
SL-P01-T00-EXCESS-BENEFIT-TRANSAC,ONE,ONE,kept
SL-P01-T01-EXCESS-BENEFIT-TRANSAC,MANY,MANY,kept
SL-P02-T00-LOANS-INTERESTED-PERS,ONE,ONE,kept
SL-P02-T01-LOANS-INTERESTED-PERS,MANY,MANY,kept
SL-P03-T01-GRANTS-INTERESTED-PERS,MANY,MANY,kept
SL-P04-T01-BIZ-TRANSAC-INTERESTED-PERS,MANY,MANY,kept
SL-P05-T99-SUPPLEMENTAL-INFO,ONE,MANY,relationship_changed
SM-P01-T00-NONCASH-CONTRIBUTIONS,ONE,ONE,kept
SM-P01-T01-NONCASH-CONTRIBUTIONS,MANY,MANY,kept
SM-P02-T99-SUPPLEMENTAL-INFO,ONE,MANY,relationship_changed
SN-P01-T00-LIQUIDATION-TERMINATION-DISSOLUTION,ONE,ONE,kept
SN-P01-T01-LIQUIDATION-TERMINATION-DISSOLUTION,MANY,MANY,kept
SN-P02-T00-DISPOSITION-OF-ASSETS,ONE,ONE,kept
SN-P02-T01-DISPOSITION-OF-ASSETS,MANY,MANY,kept
SN-P03-T99-SUPPLEMENTAL-INFO,ONE,MANY,relationship_changed
SN-P99-T00-LIQUIDATION-TERMINATION-DISSOLUTION,ONE,ONE,kept
SO-P00-T99-SUPPLEMENTAL-INFO,,MANY,new
SO-T99-SUPPLEMENTAL-INFO,MANY,,removed
SR-P01-T01-ID-DISREGARDED-ENTITIES,MANY,MANY,kept
SR-P02-T01-ID-RLTD-TAX-EXEMPED-ORGS,MANY,MANY,kept
SR-P03-T01-ID-RLTD-ORGS-TAXABLE-PARTNERSHIP,MANY,MANY,kept
SR-P04-T01-ID-RLTD-ORGS-TAXABLE-CORPORATION,MANY,MANY,kept
SR-P05-T00-TRANSACTIONS-RLTD-ORGS,ONE,ONE,kept
SR-P05-T01-TRANSACTIONS-RLTD-ORGS,MANY,MANY,kept
SR-P06-T01-UNRLTD-ORGS-TAXABLE-PARTNERSHIP,MANY,MANY,kept
SR-P07-T99-SUPPLEMENTAL-INFO,ONE,MANY,relationship_changed
