form_id,title,xml_roots,sort_order
F990,Form 990 / 990-EZ: Return of Organization Exempt From Income Tax,AffiliateListing;CompensationExplanation;EmployeeCompensationExpln;IRS990;IRS990EZ;ReasonableCauseExplanation;ReturnHeader;TransferPrsnlBnftContractsDecl,1
SCHED-A,Schedule A: Public Charity Status and Public Support,IRS990ScheduleA,2
SCHED-B,Schedule B: Schedule of Contributors,IRS990ScheduleB,3
SCHED-C,Schedule C: Political Campaign and Lobbying Activities,AffiliatedGroupAttachment;AffiliatedGroupSchedule;AveragingAttachment;IRS990ScheduleC,4
SCHED-D,Schedule D: Supplemental Financial Statements,IRS990ScheduleD,5
SCHED-E,Schedule E: Schools,IRS990ScheduleE,6
SCHED-F,Schedule F: Statement of Activities Outside the United States,IRS990ScheduleF,7
SCHED-G,Schedule G: Supplemental Information Regarding Fundraising or Gaming Activities,IRS990ScheduleG,8
SCHED-H,Schedule H: Hospitals,IRS990ScheduleH,9
SCHED-I,"Schedule I: Grants and Other Assistance to Organizations, Governments, and Individuals in the United States",IRS990ScheduleI,10
SCHED-J,Schedule J: Compensation Information,IRS990ScheduleJ,11
SCHED-K,Schedule K: Supplemental Information on Tax-Exempt Bonds,IRS990ScheduleK,12
SCHED-L,Schedule L: Transactions With Interested Persons,IRS990ScheduleL,13
SCHED-M,Schedule M: Noncash Contributions,IRS990ScheduleM,14
SCHED-N,"Schedule N: Liquidation, Termination, Dissolution, or Significant Disposition of Assets",IRS990ScheduleN,15
SCHED-O,Schedule O: Supplemental Information to Form 990 or 990-EZ,IRS990ScheduleO,16
SCHED-R,Schedule R: Related Organizations and Unrelated Partnerships,IRS990ScheduleR,17
