part_id,form_id,part,title,filed_by,filer_condition,sort_order
F9-P00,F990,00,Heading (items A-O),,,1
F9-P01,F990,01,Part I - Summary,,,2
F9-P02,F990,02,Part II - Signature Block,,,3
F9-P03,F990,03,Part III - Statement of Program Service Accomplishments,,,4
F9-P04,F990,04,Part IV - Checklist of Required Schedules,,,5
F9-P05,F990,05,Part V - Statements Regarding Other IRS Filings and Tax Compliance,,,6
F9-P06,F990,06,"Part VI - Governance, Management, and Disclosure",,,7
F9-P07,F990,07,"Part VII - Compensation of Officers, Directors, Trustees, Key Employees, Highest Compensated Employees, and Independent Contractors",,,8
F9-P08,F990,08,Part VIII - Statement of Revenue,,,9
F9-P09,F990,09,Part IX - Statement of Functional Expenses,,,10
F9-P10,F990,10,Part X - Balance Sheet,,,11
F9-P11,F990,11,Part XI - Reconciliation of Net Assets,,,12
F9-P12,F990,12,Part XII - Financial Statements and Reporting,,,13
SA-P00,SCHED-A,00,Heading,,,14
SA-P01,SCHED-A,01,Part I - Reason for Public Charity Status,,,15
SA-P02,SCHED-A,02,Part II - Support Schedule for Organizations Described in Sections 170(b)(1)(A)(iv) and 170(b)(1)(A)(vi),,,16
SA-P03,SCHED-A,03,Part III - Support Schedule for Organizations Described in Section 509(a)(2),,,17
SA-P04,SCHED-A,04,Part IV - Supporting Organizations,,,18
SA-P05,SCHED-A,05,Part V - Type III Non-Functionally Integrated 509(a)(3) Supporting Organizations,,,19
SA-P06,SCHED-A,06,Part VI - Supplemental Information,,,20
SB-P01,SCHED-B,01,Part I - Contributors,,,21
SC-P01,SCHED-C,01,"Part I - Political Campaign Activities (I-A, I-B, I-C)",,,22
SC-P02,SCHED-C,02,"Part II - Lobbying Activities (II-A electing 501(h), II-B non-electing)",,,23
SC-P03,SCHED-C,03,"Part III - Lobbying and Political Activities of Section 501(c)(4), (5), and (6) Organizations (III-A, III-B)",,,24
SC-P04,SCHED-C,04,Part IV - Supplemental Information,,,25
SD-P01,SCHED-D,01,Part I - Organizations Maintaining Donor Advised Funds or Other Similar Funds or Accounts,,,26
SD-P02,SCHED-D,02,Part II - Conservation Easements,,,27
SD-P03,SCHED-D,03,"Part III - Organizations Maintaining Collections of Art, Historical Treasures, or Other Similar Assets",,,28
SD-P04,SCHED-D,04,Part IV - Escrow and Custodial Arrangements,,,29
SD-P05,SCHED-D,05,Part V - Endowment Funds,,,30
SD-P06,SCHED-D,06,"Part VI - Land, Buildings, and Equipment",,,31
SD-P07,SCHED-D,07,Part VII - Investments - Other Securities,,,32
SD-P08,SCHED-D,08,Part VIII - Investments - Program Related,,,33
SD-P09,SCHED-D,09,Part IX - Other Assets,,,34
SD-P10,SCHED-D,10,Part X - Other Liabilities,,,35
SD-P11,SCHED-D,11,Part XI - Reconciliation of Revenue per Audited Financial Statements With Revenue per Return,,,36
SD-P12,SCHED-D,12,Part XII - Reconciliation of Expenses per Audited Financial Statements With Expenses per Return,,,37
SD-P13,SCHED-D,13,Part XIII - Supplemental Information,,,38
SD-P99,SCHED-D,99,Lines from earlier versions of the schedule (reconciliation of net assets),,,39
SE-P01,SCHED-E,01,Part I - Schools,,,40
SE-P02,SCHED-E,02,Part II - Supplemental Information,,,41
SF-P01,SCHED-F,01,Part I - General Information on Activities Outside the United States,,,42
SF-P02,SCHED-F,02,Part II - Grants and Other Assistance to Organizations or Entities Outside the United States,,,43
SF-P03,SCHED-F,03,Part III - Grants and Other Assistance to Individuals Outside the United States,,,44
SF-P04,SCHED-F,04,Part IV - Foreign Forms,,,45
SF-P05,SCHED-F,05,Part V - Supplemental Information,,,46
SF-P99,SCHED-F,99,Lines from earlier versions of the schedule,,,47
SG-P01,SCHED-G,01,Part I - Fundraising Activities,,,48
SG-P02,SCHED-G,02,Part II - Fundraising Events,,,49
SG-P03,SCHED-G,03,Part III - Gaming,,,50
SG-P04,SCHED-G,04,Part IV - Supplemental Information,,,51
SH-P01,SCHED-H,01,Part I - Financial Assistance and Certain Other Community Benefits at Cost,,,52
SH-P02,SCHED-H,02,Part II - Community Building Activities,,,53
SH-P03,SCHED-H,03,"Part III - Bad Debt, Medicare, and Collection Practices",,,54
SH-P04,SCHED-H,04,Part IV - Management Companies and Joint Ventures,,,55
SH-P05,SCHED-H,05,Part V - Facility Information,,,56
SH-P06,SCHED-H,06,Part VI - Supplemental Information,,,57
SH-P99,SCHED-H,99,"Lines from earlier versions of the schedule (Part V, Section B facility policies)",,,58
SI-P01,SCHED-I,01,Part I - General Information on Grants and Assistance,,,59
SI-P02,SCHED-I,02,Part II - Grants and Other Assistance to Domestic Organizations and Domestic Governments,,,60
SI-P03,SCHED-I,03,Part III - Grants and Other Assistance to Domestic Individuals,,,61
SI-P04,SCHED-I,04,Part IV - Supplemental Information,,,62
SI-P99,SCHED-I,99,Lines from earlier versions of the schedule,,,63
SJ-P01,SCHED-J,01,Part I - Questions Regarding Compensation,,,64
SJ-P02,SCHED-J,02,"Part II - Officers, Directors, Trustees, Key Employees, and Highest Compensated Employees",,,65
SJ-P03,SCHED-J,03,Part III - Supplemental Information,,,66
SK-P01,SCHED-K,01,Part I - Bond Issues,,,67
SK-P02,SCHED-K,02,Part II - Proceeds,,,68
SK-P03,SCHED-K,03,Part III - Private Business Use,,,69
SK-P04,SCHED-K,04,Part IV - Arbitrage,,,70
SK-P05,SCHED-K,05,Part V - Procedures To Undertake Corrective Action,,,71
SK-P06,SCHED-K,06,Part VI - Supplemental Information,,,72
SL-P01,SCHED-L,01,Part I - Excess Benefit Transactions,,,73
SL-P02,SCHED-L,02,Part II - Loans to and/or From Interested Persons,,,74
SL-P03,SCHED-L,03,Part III - Grants or Assistance Benefiting Interested Persons,,,75
SL-P04,SCHED-L,04,Part IV - Business Transactions Involving Interested Persons,,,76
SL-P05,SCHED-L,05,Part V - Supplemental Information,,,77
SM-P01,SCHED-M,01,Part I - Types of Property,,,78
SM-P02,SCHED-M,02,Part II - Supplemental Information,,,79
SN-P01,SCHED-N,01,"Part I - Liquidation, Termination, or Dissolution",,,80
SN-P02,SCHED-N,02,"Part II - Sale, Exchange, Disposition, or Other Transfer of More Than 25% of the Organization's Assets",,,81
SN-P03,SCHED-N,03,Part III - Supplemental Information,,,82
SN-P99,SCHED-N,99,Lines from earlier versions of the schedule,,,83
SO-P00,SCHED-O,00,Supplemental Information to Form 990 or 990-EZ,,,84
SR-P01,SCHED-R,01,Part I - Identification of Disregarded Entities,,,85
SR-P02,SCHED-R,02,Part II - Identification of Related Tax-Exempt Organizations,,,86
SR-P03,SCHED-R,03,Part III - Identification of Related Organizations Taxable as a Partnership,,,87
SR-P04,SCHED-R,04,Part IV - Identification of Related Organizations Taxable as a Corporation or Trust,,,88
SR-P05,SCHED-R,05,Part V - Transactions With Related Organizations,,,89
SR-P06,SCHED-R,06,Part VI - Unrelated Organizations Taxable as a Partnership,,,90
SR-P07,SCHED-R,07,Part VII - Supplemental Information,,,91
PF-P00,F990PF,00,Heading (items A-J),,,92
PF-P01,F990PF,01,Part I - Analysis of Revenue and Expenses,,,93
PF-P02,F990PF,02,Part II - Balance Sheets,,,94
PF-P03,F990PF,03,Part III - Analysis of Changes in Net Assets or Fund Balances,,,95
PF-P04,F990PF,04,Part IV - Capital Gains and Losses for Tax on Investment Income,,,96
PF-P05,F990PF,05,Part V - Qualification Under Section 4940(e) for Reduced Tax on Net Investment Income (removed after 2019),,,97
PF-P06,F990PF,06,Part VI - Excise Tax Based on Investment Income (2023: Part V),,,98
PF-P07,F990PF,07,"Part VII-A - Statements Regarding Activities; Part VII-B - Activities for Which Form 4720 May Be Required (2023: Part VI-A, VI-B)",,,99
PF-P08,F990PF,08,"Part VIII - Information About Officers, Directors, Trustees, Foundation Managers, Highly Paid Employees, and Contractors (2023: Part VII)",,,100
PF-P09,F990PF,09,"Part IX-A - Summary of Direct Charitable Activities; Part IX-B - Summary of Program-Related Investments (2023: Part VIII-A, VIII-B)",,,101
PF-P10,F990PF,10,Part X - Minimum Investment Return (2023: Part IX),,,102
PF-P11,F990PF,11,Part XI - Distributable Amount (2023: Part X),,,103
PF-P12,F990PF,12,Part XII - Qualifying Distributions (2023: Part XI),,,104
PF-P13,F990PF,13,Part XIII - Undistributed Income (2023: Part XII),,,105
PF-P14,F990PF,14,Part XIV - Private Operating Foundations (2023: Part XIII),,,106
PF-P15,F990PF,15,Part XV - Supplementary Information (2023: Part XIV),,,107
PF-P16,F990PF,16,Part XVI-A - Analysis of Income-Producing Activities; Part XVI-B - Relationship of Activities to the Accomplishment of Exempt Purposes (2023: Part XV),,,108
PF-P17,F990PF,17,Part XVII - Information Regarding Transfers to and Transactions and Relationships With Noncharitable Exempt Organizations (2023: Part XVI),,,109
PF-P99,F990PF,99,Auxiliary schedules and attachments (statements filed with the 990-PF),,,110
SB-P00,SCHED-B,00,Heading - Organization Type and Filing Rules,,,111
SB-P02,SCHED-B,02,Part II - Noncash Property,,,112
SB-P03,SCHED-B,03,"Part III - Exclusively Religious, Charitable, etc., Contributions to Organizations Described in Section 501(c)(7), (8), or (10)",,,113
