table_id,part_id,form_id,cardinality,title,sort_order
F9-P00-T00-HEADER,F9-P00,F990,ONE,,1
F9-P01-T00-SUMMARY,F9-P01,F990,ONE,,2
F9-P01-T00-SUMMARY-EZ,F9-P01,F990,ONE,,3
F9-P02-T00-SIGNATURE,F9-P02,F990,ONE,,4
F9-P03-T00-MISSION,F9-P03,F990,ONE,,5
F9-P03-T00-PROGRAM-ONE,F9-P03,F990,ONE,,6
F9-P03-T00-PROGRAM-THREE,F9-P03,F990,ONE,,7
F9-P03-T00-PROGRAM-TWO,F9-P03,F990,ONE,,8
F9-P03-T00-PROGRAMS,F9-P03,F990,ONE,,9
F9-P03-T01-PROGRAMS-OTHER,F9-P03,F990,MANY,,10
F9-P03-T02-PROGRAMS-EZ,F9-P03,F990,MANY,,11
F9-P04-T00-REQUIRED-SCHEDULES,F9-P04,F990,ONE,,12
F9-P04-T00-REQUIRED-SCHEDULES-EZ,F9-P04,F990,ONE,,13
F9-P05-T00-OTHER-IRS-FILING,F9-P05,F990,ONE,,14
F9-P06-T00-GOVERNANCE,F9-P06,F990,ONE,,15
F9-P06-T00-GOVERNANCE-EZ,F9-P06,F990,ONE,,16
F9-P07-T00-DIR-TRUST-KEY,F9-P07,F990,ONE,,17
F9-P07-T01-COMPENSATION,F9-P07,F990,MANY,,18
F9-P07-T01-COMPENSATION-HCE-EZ,F9-P07,F990,MANY,,19
F9-P07-T02-CONTRACTORS,F9-P07,F990,MANY,,20
F9-P08-T00-REVENUE,F9-P08,F990,ONE,,21
F9-P08-T01-REVENUE-PROGRAMS,F9-P08,F990,MANY,,22
F9-P08-T02-REVENUE-MISC,F9-P08,F990,MANY,,23
F9-P09-T00-EXPENSES,F9-P09,F990,ONE,,24
F9-P09-T01-EXPENSES-OTHER,F9-P09,F990,MANY,,25
F9-P10-T00-BALANCE-SHEET,F9-P10,F990,ONE,,26
F9-P11-T00-ASSETS,F9-P11,F990,ONE,,27
F9-P12-T00-FINANCIAL-REPORTING,F9-P12,F990,ONE,,28
SA-P00-T00-HEADER,SA-P00,SCHED-A,ONE,,29
SA-P01-T00-PUBLIC-CHARITY-STATUS,SA-P01,SCHED-A,ONE,,30
SA-P01-T01-PUBLIC-CHARITY-STATUS,SA-P01,SCHED-A,MANY,,31
SA-P02-T00-SUPPORT_SCHEDULE_170,SA-P02,SCHED-A,ONE,,32
SA-P03-T00-SUPPORT_SCHEDULE_509,SA-P03,SCHED-A,ONE,,33
SA-P04-T00-SUPPORT-ORGS,SA-P04,SCHED-A,ONE,,34
SA-P05-T00-SUPPORT-ORGS,SA-P05,SCHED-A,ONE,,35
SA-P06-T99-SUPPLEMENTAL-INFO,SA-P06,SCHED-A,MANY,,36
SB-P01-T01-CONTRIBUTORS,SB-P01,SCHED-B,MANY,,37
SC-P01-T00-LOBBY,SC-P01,SCHED-C,ONE,,38
SC-P01-T01-POLITICAL-ORGS-INFO,SC-P01,SCHED-C,MANY,,39
SC-P02-T00-LOBBY,SC-P02,SCHED-C,ONE,,40
SC-P03-T00-LOBBY,SC-P03,SCHED-C,ONE,,41
SC-P04-T99-SUPPLEMENTAL-INFO,SC-P04,SCHED-C,MANY,,42
SD-P01-T00-ORGS-DONOR-ADVISED-FUNDS-OTH,SD-P01,SCHED-D,ONE,,43
SD-P02-T00-CONSERV-EASEMENTS,SD-P02,SCHED-D,ONE,,44
SD-P03-T00-ORGS-COLLECT-ART-HIST-TREASURE-OTH,SD-P03,SCHED-D,ONE,,45
SD-P04-T00-ESCROW-CUSTODIAL-ARRANGEMENTS,SD-P04,SCHED-D,ONE,,46
SD-P05-T00-ENDOWMENT,SD-P05,SCHED-D,ONE,,47
SD-P06-T00-LAND-BLDG-EQUIP,SD-P06,SCHED-D,ONE,,48
SD-P07-T00-INVESTMENTS-SECURITIES,SD-P07,SCHED-D,ONE,,49
SD-P07-T01-INVESTMENTS-OTH-DERIVATIVES,SD-P07,SCHED-D,ONE,,50
SD-P07-T01-INVESTMENTS-OTH-EQUITY,SD-P07,SCHED-D,ONE,,51
SD-P07-T01-INVESTMENTS-OTH-SECURITIES,SD-P07,SCHED-D,MANY,,52
SD-P08-T00-INVESTMENTS-PROG-RLTD,SD-P08,SCHED-D,ONE,,53
SD-P08-T01-INVESTMENTS-PROG-RLTD,SD-P08,SCHED-D,MANY,,54
SD-P09-T00-OTH-ASSETS,SD-P09,SCHED-D,ONE,,55
SD-P09-T01-OTH-ASSETS,SD-P09,SCHED-D,MANY,,56
SD-P10-T00-OTH-LIABILITIES,SD-P10,SCHED-D,ONE,,57
SD-P10-T01-OTH-LIABILITIES,SD-P10,SCHED-D,MANY,,58
SD-P11-T00-RECONCILIATION-REVENUE,SD-P11,SCHED-D,ONE,,59
SD-P12-T00-RECONCILIATION-EXPENSES,SD-P12,SCHED-D,ONE,,60
SD-P13-T99-SUPPLEMENTAL-INFO,SD-P13,SCHED-D,MANY,,61
SD-P99-T00-RECONCILIATION-NETASSETS,SD-P99,SCHED-D,ONE,,62
SE-P01-T00-SCHOOLS,SE-P01,SCHED-E,ONE,,63
SE-P02-T99-SUPPLEMENTAL-INFO,SE-P02,SCHED-E,MANY,,64
SF-P01-T00-FRGN-ACTS,SF-P01,SCHED-F,ONE,,65
SF-P01-T01-FRGN-ACTS-BY-REGION,SF-P01,SCHED-F,MANY,,66
SF-P02-T00-FRGN-ORG-GRANTS,SF-P02,SCHED-F,ONE,,67
SF-P02-T01-FRGN-ORG-GRANTS,SF-P02,SCHED-F,MANY,,68
SF-P03-T01-FRGN-INDIV-GRANTS,SF-P03,SCHED-F,MANY,,69
SF-P04-T00-FRGN-INTERESTS,SF-P04,SCHED-F,ONE,,70
SF-P05-T99-EXPLANATION-TEXT,SF-P05,SCHED-F,MANY,,71
SF-P99-T00-FRGN-ORG-GRANTS,SF-P99,SCHED-F,ONE,,72
SG-P01-T00-FUNDRAISING-ACTS,SG-P01,SCHED-G,ONE,,73
SG-P01-T01-FUNDRAISERS-INFO,SG-P01,SCHED-G,MANY,,74
SG-P02-T00-FUNDRAISING-EVENTS,SG-P02,SCHED-G,ONE,,75
SG-P02-T01-FUNDRAISING-EVENTS,SG-P02,SCHED-G,ONE,,76
SG-P03-T00-GAMING,SG-P03,SCHED-G,ONE,,77
SG-P04-T99-SUPPLEMENTAL-INFO,SG-P04,SCHED-G,MANY,,78
SH-P01-T00-FAP-COMMUNITY-BENEFIT-POLICY,SH-P01,SCHED-H,ONE,,79
SH-P02-T00-FAP-COMMUNITY-BENEFIT-POLICY,SH-P02,SCHED-H,ONE,,80
SH-P03-T00-FAP-COMMUNITY-BENEFIT-POLICY,SH-P03,SCHED-H,ONE,,81
SH-P04-T01-COMPANY-JOINT-VENTURES,SH-P04,SCHED-H,MANY,,82
SH-P05-T00-FAP-COMMUNITY-BENEFIT-POLICY,SH-P05,SCHED-H,ONE,,83
SH-P05-T01-HOSPITAL-FACILITY,SH-P05,SCHED-H,MANY,,84
SH-P05-T02-NON-HOSPITAL-FACILITY,SH-P05,SCHED-H,MANY,,85
SH-P05-T99-SUPPLEMENTAL-INFO,SH-P05,SCHED-H,MANY,,86
SH-P06-T99-SUPPLEMENTAL-INFO,SH-P06,SCHED-H,MANY,,87
SH-P99-T00-FAP-COMMUNITY-BENEFIT-POLICY,SH-P99,SCHED-H,MANY,,88
SI-P01-T00-GRANTS-INFO,SI-P01,SCHED-I,ONE,,89
SI-P02-T00-GRANTS-US-ORGS-GOVTS,SI-P02,SCHED-I,ONE,,90
SI-P02-T01-GRANTS-US-ORGS-GOVTS,SI-P02,SCHED-I,MANY,,91
SI-P03-T01-GRANTS-US-INDIV,SI-P03,SCHED-I,MANY,,92
SI-P04-T99-SUPPLEMENTAL-INFO,SI-P04,SCHED-I,MANY,,93
SI-P99-T00-GRANTS-US-ORGS-GOVTS,SI-P99,SCHED-I,ONE,,94
SJ-P01-T00-COMPENSATION,SJ-P01,SCHED-J,ONE,,95
SJ-P02-T01-COMPENSATION-DTK,SJ-P02,SCHED-J,MANY,,96
SJ-P03-T99-SUPPLEMENTAL-INFO,SJ-P03,SCHED-J,MANY,,97
SK-P01-T01-BOND-ISSUES,SK-P01,SCHED-K,MANY,,98
SK-P02-T01-BOND-PROCEEDS,SK-P02,SCHED-K,MANY,,99
SK-P03-T01-BOND-PRIVATE-BIZ-USE,SK-P03,SCHED-K,MANY,,100
SK-P04-T01-BOND-ARBITRAGE,SK-P04,SCHED-K,MANY,,101
SK-P05-T01-PROCEDURE-CORRECTIVE-ACT,SK-P05,SCHED-K,MANY,,102
SK-P06-T99-SUPPLEMENTAL-INFO,SK-P06,SCHED-K,MANY,,103
SL-P01-T00-EXCESS-BENEFIT-TRANSAC,SL-P01,SCHED-L,ONE,,104
SL-P01-T01-EXCESS-BENEFIT-TRANSAC,SL-P01,SCHED-L,MANY,,105
SL-P02-T00-LOANS-INTERESTED-PERS,SL-P02,SCHED-L,ONE,,106
SL-P02-T01-LOANS-INTERESTED-PERS,SL-P02,SCHED-L,MANY,,107
SL-P03-T01-GRANTS-INTERESTED-PERS,SL-P03,SCHED-L,MANY,,108
SL-P04-T01-BIZ-TRANSAC-INTERESTED-PERS,SL-P04,SCHED-L,MANY,,109
SL-P05-T99-SUPPLEMENTAL-INFO,SL-P05,SCHED-L,MANY,,110
SM-P01-T00-NONCASH-CONTRIBUTIONS,SM-P01,SCHED-M,ONE,,111
SM-P01-T01-NONCASH-CONTRIBUTIONS,SM-P01,SCHED-M,MANY,,112
SM-P02-T99-SUPPLEMENTAL-INFO,SM-P02,SCHED-M,MANY,,113
SN-P01-T00-LIQUIDATION-TERMINATION-DISSOLUTION,SN-P01,SCHED-N,ONE,,114
SN-P01-T01-LIQUIDATION-TERMINATION-DISSOLUTION,SN-P01,SCHED-N,MANY,,115
SN-P02-T00-DISPOSITION-OF-ASSETS,SN-P02,SCHED-N,ONE,,116
SN-P02-T01-DISPOSITION-OF-ASSETS,SN-P02,SCHED-N,MANY,,117
SN-P03-T99-SUPPLEMENTAL-INFO,SN-P03,SCHED-N,MANY,,118
SN-P99-T00-LIQUIDATION-TERMINATION-DISSOLUTION,SN-P99,SCHED-N,ONE,,119
SO-T99-SUPPLEMENTAL-INFO,SO-P00,SCHED-O,MANY,,120
SR-P01-T01-ID-DISREGARDED-ENTITIES,SR-P01,SCHED-R,MANY,,121
SR-P02-T01-ID-RLTD-TAX-EXEMPED-ORGS,SR-P02,SCHED-R,MANY,,122
SR-P03-T01-ID-RLTD-ORGS-TAXABLE-PARTNERSHIP,SR-P03,SCHED-R,MANY,,123
SR-P04-T01-ID-RLTD-ORGS-TAXABLE-CORPORATION,SR-P04,SCHED-R,MANY,,124
SR-P05-T00-TRANSACTIONS-RLTD-ORGS,SR-P05,SCHED-R,ONE,,125
SR-P05-T01-TRANSACTIONS-RLTD-ORGS,SR-P05,SCHED-R,MANY,,126
SR-P06-T01-UNRLTD-ORGS-TAXABLE-PARTNERSHIP,SR-P06,SCHED-R,MANY,,127
SR-P07-T99-SUPPLEMENTAL-INFO,SR-P07,SCHED-R,MANY,,128
SH-P05-T03-FACILITY-POLICIES-PRACTICES,SH-P05,SCHED-H,MANY,Schedule H Part V Section B: facility policies and practices (one row per hospital facility),129
SA-P01-T02-HOSPITAL-NAME-ADDRESS,SA-P01,SCHED-A,MANY,Schedule A Part I line 3: hospital name and address (one row per hospital),130
