xpath,form_id,variable_name
/Return/ReturnData/ReasonableCauseExplanation/Explanation,F990PF,PF_AX44_CAUSE_EXPLANATION
/Return/ReturnData/ReasonableCauseExplanation/ExplanationTxt,F990PF,PF_AX44_CAUSE_EXPLANATION
/Return/ReturnData/CompensationExplanation/Compensation/BusinessName/BusinessNameLine1,F990PF,PF_AX09_COMP_NAME_ORG_L1
/Return/ReturnData/CompensationExplanation/CompensationExplanationGrp/BusinessName/BusinessNameLine1Txt,F990PF,PF_AX09_COMP_NAME_ORG_L1
/Return/ReturnData/CompensationExplanation/Compensation/BusinessName/BusinessNameLine2,F990PF,PF_AX09_COMP_NAME_ORG_L2
/Return/ReturnData/CompensationExplanation/CompensationExplanationGrp/BusinessName/BusinessNameLine2Txt,F990PF,PF_AX09_COMP_NAME_ORG_L2
/Return/ReturnData/CompensationExplanation/Compensation/PersonName,F990PF,PF_AX09_COMP_NAME_PERS
/Return/ReturnData/CompensationExplanation/CompensationExplanationGrp/PersonNm,F990PF,PF_AX09_COMP_NAME_PERS
/Return/ReturnData/CompensationExplanation/Compensation/Explanation,F990PF,PF_AX09_COMP_EXPLANATION
/Return/ReturnData/CompensationExplanation/CompensationExplanationGrp/ShortExplanationTxt,F990PF,PF_AX09_COMP_NAME_PERS
/Return/ReturnData/CompensationExplanation/CompensationExplanationGrp/BusinessName/BusinessNameLine1,F990PF,PF_AX09_COMP_NAME_ORG_L1
/Return/ReturnData/CompensationExplanation/CompensationExplanationGrp/BusinessName/BusinessNameLine2,F990PF,PF_AX09_COMP_NAME_ORG_L2
/Return/ReturnData/EmployeeCompensationExpln/EmployeeCompExplanation/EmployeeName,F990PF,PF_AX14_COMP_EMPL_NAME
/Return/ReturnData/EmployeeCompensationExpln/EmployeeCompExplanation/Explanation,F990PF,PF_AX14_COMP_EMPL_EXPLANATION
/Return/ReturnData/EmployeeCompensationExpln/EmployeeCompExplanationGrp/EmployeeNm,F990PF,PF_AX14_COMP_EMPL_NAME
/Return/ReturnData/EmployeeCompensationExpln/EmployeeCompExplanationGrp/ExplanationTxt,F990PF,PF_AX14_COMP_EMPL_EXPLANATION
